Time,Tm,Rh,Na,Np,Li,H2s,Nh3,No2,Pm2,Pm10,Voc
6/3/2024 2:45,29,68,202,220,16,8,67,2,6,7,51
6/3/2024 2:50,29,68,204,236,15,8,68,2,5,6,67
6/3/2024 2:55,29,69,207,249,15,4,69,2,5,6,96
6/3/2024 3:00,28,68,203,222,16,8,69,2,5,5,88
6/3/2024 3:05,28,68,203,227,14,8,68,2,5,6,64
6/3/2024 3:10,28,68,203,226,15,8,69,2,6,7,85
6/3/2024 3:15,28,68,203,229,14,1,68,2,6,7,71
6/3/2024 3:20,28,68,204,228,15,8,66,2,6,7,39
6/3/2024 3:25,28,68,202,220,16,4,66,2,6,7,43
6/3/2024 3:30,28,68,202,224,16,4,66,2,6,7,45
6/3/2024 3:35,28,68,202,221,15,8,66,2,6,6,57
6/3/2024 3:40,28,68,202,223,15,8,67,2,6,6,50
6/3/2024 3:45,28,68,203,225,15,4,66,2,6,7,54
6/3/2024 3:50,28,68,202,226,15,4,68,2,6,7,72
6/3/2024 3:55,28,69,205,244,15,8,68,2,6,7,74
6/3/2024 4:00,28,69,207,239,14,1,67,2,6,7,75
6/3/2024 4:05,28,69,202,224,14,8,68,2,5,6,52
6/3/2024 4:10,28,69,203,225,15,0,68,2,6,6,60
6/3/2024 4:15,28,68,202,223,14,11,67,2,4,5,68
6/3/2024 4:20,28,69,210,243,17,4,68,2,6,7,71
6/3/2024 8:04,25,87,186,344,200,21,100,4,17,17,90
6/3/2024 8:09,26,85,186,227,182,17,91,4,18,19,89
6/3/2024 8:14,27,82,185,196,193,14,87,3,19,20,93
6/3/2024 8:19,27,80,191,222,206,11,87,3,18,18,99
6/3/2024 8:24,28,79,187,194,210,11,85,3,17,17,107
6/3/2024 8:29,28,78,187,195,190,14,89,3,20,22,108
6/3/2024 8:34,28,77,188,199,203,11,88,3,18,18,93
6/3/2024 8:39,28,76,188,198,229,11,85,3,16,16,100
6/3/2024 8:44,29,76,189,198,270,11,86,3,18,18,108
6/3/2024 8:49,29,76,190,205,303,8,87,3,18,18,109
6/3/2024 8:54,29,75,190,211,357,1,89,3,19,19,115
6/3/2024 8:59,29,73,191,201,406,14,85,3,14,14,57
6/3/2024 9:04,30,73,192,204,335,11,86,3,13,14,69
6/3/2024 9:09,30,73,192,209,377,0,89,3,12,13,111
6/3/2024 9:14,30,73,194,224,408,8,90,3,10,10,70
6/3/2024 9:19,30,72,197,248,414,1,94,3,16,23,151
6/3/2024 9:24,30,71,196,262,426,11,95,3,24,43,240
6/3/2024 9:29,31,70,198,309,440,4,90,3,23,40,208
6/3/2024 9:34,31,70,199,313,441,4,92,3,28,50,263
6/3/2024 9:39,31,69,206,288,466,11,85,3,29,52,103
6/3/2024 9:44,31,68,198,266,451,11,88,3,29,53,233
6/3/2024 9:49,32,67,197,217,464,4,87,3,18,32,190
6/3/2024 9:54,32,66,197,237,480,8,85,3,14,24,210
6/3/2024 9:59,32,66,198,232,484,8,86,3,9,14,165
6/3/2024 10:04,32,66,199,288,487,8,88,3,8,13,209
6/3/2024 10:09,32,67,199,239,488,11,91,3,12,20,297
6/3/2024 10:14,32,66,201,257,498,4,92,3,13,23,309
6/3/2024 10:19,32,66,199,231,509,17,90,3,11,19,251
6/3/2024 10:24,33,65,204,313,503,11,88,3,11,19,174
6/3/2024 10:29,33,64,202,261,507,11,91,3,12,19,187
6/3/2024 10:34,33,65,206,249,471,4,92,3,18,30,230
6/3/2024 10:39,33,62,200,231,701,8,82,3,19,30,78
6/3/2024 10:44,33,62,201,246,701,4,75,3,11,19,20
6/3/2024 10:49,33,60,202,251,702,11,72,3,9,16,22
6/3/2024 10:54,33,60,201,263,701,4,70,3,9,15,6
6/3/2024 10:59,33,58,202,306,701,11,65,2,6,9,7
6/3/2024 11:04,33,57,200,223,702,0,63,2,4,4,9
6/3/2024 11:09,33,62,201,221,701,8,66,2,7,8,18
6/3/2024 11:14,33,58,204,313,714,37,61,2,3,4,11
6/3/2024 11:19,33,62,205,308,702,21,69,3,9,12,94
6/3/2024 11:24,33,59,204,229,702,8,68,2,6,8,12
6/3/2024 11:29,33,61,202,218,701,8,70,3,9,12,34
6/3/2024 11:34,33,60,203,310,702,11,72,3,22,22,258
6/3/2024 11:39,33,62,202,236,701,4,70,3,16,16,88
6/3/2024 11:44,33,59,204,297,700,8,70,3,16,19,50
6/3/2024 11:49,33,60,204,240,702,8,67,2,4,4,23
6/3/2024 11:54,34,61,203,221,701,0,68,2,4,6,29
6/3/2024 11:59,34,59,202,229,702,11,69,2,8,11,42
6/3/2024 12:04,34,57,202,215,702,0,62,2,3,4,12
6/3/2024 12:09,34,59,204,230,701,0,68,2,5,6,48
6/3/2024 12:14,34,60,205,229,701,0,68,2,4,5,34
6/3/2024 12:19,34,60,204,303,702,0,69,2,4,4,48
6/3/2024 12:24,34,58,202,229,702,4,67,2,5,5,35
6/3/2024 12:29,34,57,204,223,701,1,68,2,4,4,35
6/3/2024 12:34,34,60,210,315,701,4,71,3,5,6,128
6/3/2024 12:39,34,58,209,254,701,4,67,2,7,10,27
6/3/2024 12:44,34,60,208,299,701,8,72,3,11,15,126
6/3/2024 12:49,34,57,206,236,701,8,65,2,3,4,8
6/3/2024 12:54,34,59,206,248,701,8,67,2,5,7,50
6/3/2024 12:59,34,59,204,235,700,1,71,2,7,10,82
6/3/2024 13:04,34,59,204,223,701,8,74,3,5,8,105
6/3/2024 13:09,34,60,204,248,702,4,72,2,6,8,81
6/3/2024 13:14,34,58,202,222,703,0,70,2,4,6,34
6/3/2024 13:19,34,59,204,230,713,30,67,2,5,7,28
6/3/2024 13:24,35,59,207,229,700,4,70,2,4,6,44
6/3/2024 13:29,35,58,206,223,701,1,72,3,11,18,43
6/3/2024 13:34,35,57,206,225,701,8,70,2,4,6,30
6/3/2024 13:39,35,60,207,283,701,8,80,3,13,22,132
6/3/2024 13:44,35,59,206,226,701,8,73,3,6,10,27
6/3/2024 13:49,35,57,204,227,701,1,71,2,5,7,40
6/3/2024 13:54,35,56,206,231,701,4,67,2,3,4,16
6/3/2024 13:59,35,57,205,226,701,1,71,2,4,4,186
6/3/2024 14:04,35,59,205,255,701,11,71,2,4,5,54
6/3/2024 14:09,35,61,205,230,701,8,74,3,6,8,58
6/3/2024 14:14,35,57,205,222,701,8,73,2,3,5,91
6/3/2024 14:19,35,59,205,239,701,11,78,3,11,12,241
6/3/2024 14:24,35,56,208,241,701,8,76,3,12,12,71
6/3/2024 14:29,35,56,205,231,702,8,68,2,3,4,23
6/3/2024 14:34,35,54,205,232,702,8,66,2,6,7,21
6/3/2024 14:38,35,59,208,227,701,11,73,2,8,10,80
6/3/2024 14:43,35,58,206,224,701,4,77,3,7,10,75
6/3/2024 14:48,35,58,206,231,701,8,72,2,5,6,43
6/3/2024 14:53,35,58,202,222,701,4,77,3,6,8,100
6/3/2024 14:58,35,57,205,234,701,4,74,2,4,5,39
6/3/2024 15:03,35,57,208,231,701,4,70,2,7,10,37
6/3/2024 15:08,35,58,207,257,701,8,76,3,5,7,70
6/3/2024 15:18,35,57,205,227,701,0,68,2,5,6,18
6/3/2024 15:23,35,57,205,231,702,0,69,2,5,8,24
6/3/2024 15:28,35,59,205,227,701,8,76,3,10,16,92
6/3/2024 15:33,35,57,213,276,701,0,70,2,6,9,27
6/3/2024 15:38,35,56,210,270,701,1,68,2,6,8,26
6/3/2024 15:43,35,55,205,226,701,8,66,2,4,4,23
6/3/2024 15:48,35,58,209,247,701,4,75,3,7,10,112
6/3/2024 15:53,35,57,211,250,701,0,69,2,4,5,33
6/3/2024 15:58,35,57,209,240,701,4,73,2,6,7,75
6/3/2024 16:03,35,57,207,240,701,8,70,2,4,5,46
6/3/2024 16:08,35,57,207,231,701,4,70,2,6,8,47
6/3/2024 16:13,35,58,207,230,701,0,71,2,7,10,42
6/3/2024 16:18,35,59,208,233,701,4,69,2,5,7,35
6/3/2024 16:23,35,59,205,226,701,4,69,2,12,19,35
6/3/2024 16:28,35,58,204,226,701,1,70,2,5,6,31
6/3/2024 16:33,35,57,204,229,701,4,67,2,4,6,20
6/3/2024 16:38,34,57,205,246,701,4,65,2,5,7,20
6/3/2024 16:43,34,57,206,266,701,0,68,2,6,8,42
6/3/2024 16:48,34,59,205,230,701,0,68,2,6,8,29
6/3/2024 16:53,34,60,204,246,701,1,70,2,4,5,52
6/3/2024 16:58,34,60,205,230,701,8,73,2,8,11,60
6/3/2024 17:03,34,63,205,227,701,8,75,2,12,18,72
6/3/2024 17:07,34,61,205,232,701,4,77,2,12,18,90
6/3/2024 17:12,34,62,205,223,701,8,76,2,14,21,88
6/3/2024 17:17,34,62,211,251,701,4,72,2,21,32,43
6/3/2024 17:22,34,60,216,271,700,8,71,2,11,17,46
6/3/2024 17:27,34,60,213,301,701,1,71,2,15,23,54
6/3/2024 17:32,34,61,206,240,701,8,73,2,15,23,105
6/3/2024 17:37,34,59,206,262,701,4,70,2,8,11,49
6/3/2024 17:42,34,61,206,275,701,8,72,2,11,15,112
6/3/2024 17:47,34,63,204,241,121,4,78,2,9,14,172
6/3/2024 17:52,34,64,205,254,111,0,81,3,6,8,173
6/3/2024 17:57,34,63,205,227,98,8,79,2,6,7,181
6/3/2024 18:02,34,63,210,243,87,8,80,3,6,6,198
6/3/2024 18:07,34,62,209,287,79,8,82,3,5,6,184
6/3/2024 18:12,34,64,208,293,79,8,90,3,23,35,270
6/3/2024 18:17,34,64,205,227,72,4,85,3,32,58,141
6/3/2024 18:22,34,65,207,274,64,0,83,3,12,20,156
6/3/2024 18:27,34,66,205,283,55,8,81,3,6,8,135
6/3/2024 18:32,33,66,204,230,44,4,83,3,11,17,146
6/3/2024 18:37,33,66,206,229,36,1,82,3,7,10,138
6/3/2024 18:42,33,67,205,230,30,4,81,2,13,13,135
6/3/2024 18:47,33,67,207,233,24,1,81,2,8,8,134
6/3/2024 18:52,33,67,207,228,21,1,81,2,9,9,129
6/3/2024 18:57,33,67,204,223,17,0,81,2,16,16,138
6/3/2024 19:02,33,68,204,232,16,1,81,2,23,23,157
6/3/2024 19:07,33,68,206,246,15,1,81,2,12,12,136
6/3/2024 19:12,32,68,210,323,16,4,80,2,15,15,169
6/3/2024 19:17,32,69,204,226,14,1,82,2,19,19,186
6/3/2024 19:22,32,69,205,234,13,8,82,2,13,13,204
6/3/2024 19:27,32,69,205,229,13,11,83,2,17,17,219
6/3/2024 19:32,32,69,205,232,15,1,81,2,31,31,182
6/3/2024 19:37,32,69,207,235,15,8,82,2,23,23,198
6/3/2024 19:42,32,69,204,224,15,14,83,2,90,90,278
6/3/2024 19:47,32,69,205,282,18,11,83,2,35,35,292
6/3/2024 19:52,32,69,206,229,20,11,87,3,18,18,319
6/3/2024 19:57,32,69,204,230,21,17,89,3,28,28,335
6/3/2024 20:02,32,69,205,229,22,8,90,3,17,17,336
6/3/2024 20:07,32,68,205,229,25,14,88,3,14,14,293
6/3/2024 20:12,32,68,206,231,25,14,90,3,28,28,297
6/3/2024 20:17,33,67,206,226,30,17,91,3,22,22,349
6/3/2024 20:22,33,66,204,235,31,8,90,3,15,18,282
6/3/2024 20:27,33,67,207,314,31,21,91,3,17,20,335
6/3/2024 20:32,33,66,207,234,27,17,89,3,17,19,283
6/3/2024 20:37,33,65,205,224,25,21,90,3,14,15,294
6/3/2024 20:42,33,64,205,236,25,11,86,3,53,55,231
6/3/2024 20:47,33,64,205,222,19,14,82,3,40,41,205
6/3/2024 20:52,33,64,204,226,20,11,86,3,46,46,238
6/3/2024 20:57,33,65,205,241,19,17,91,3,25,28,265
6/3/2024 21:02,34,65,205,222,19,14,88,3,32,35,218
6/3/2024 21:07,34,64,205,228,18,14,86,3,90,92,215
6/3/2024 21:12,33,64,205,226,17,11,88,3,77,77,211
6/3/2024 21:17,33,64,205,231,16,14,86,3,106,106,209
6/3/2024 21:22,33,64,204,225,17,8,85,3,53,53,197
6/3/2024 21:27,33,64,206,224,17,11,86,3,85,86,218
6/3/2024 21:32,33,64,207,239,18,11,86,3,18,19,208
6/3/2024 21:37,33,65,204,236,18,8,86,3,17,18,186
6/3/2024 21:42,33,65,204,230,18,8,85,3,15,16,188
6/3/2024 21:47,33,64,208,245,17,8,83,2,12,13,154
6/3/2024 21:52,33,64,206,228,18,4,81,2,12,13,154
6/3/2024 21:57,33,64,205,235,20,11,81,2,14,16,155
6/3/2024 22:02,33,64,205,228,20,11,80,2,10,11,152
6/3/2024 22:07,33,64,206,232,19,11,80,2,9,11,134
6/3/2024 22:12,33,64,204,230,19,11,79,2,7,8,139
6/3/2024 22:17,33,64,205,222,21,14,80,2,8,9,193
6/3/2024 22:22,33,64,204,230,19,14,80,2,6,7,184
6/3/2024 22:27,33,64,206,245,20,14,80,2,6,7,148
6/3/2024 22:32,33,64,207,238,21,8,79,2,6,7,149
6/3/2024 22:37,33,65,207,231,19,11,81,2,8,9,193
6/3/2024 22:42,33,64,205,223,18,14,76,2,7,9,167
6/3/2024 22:47,32,64,206,229,19,8,78,2,6,7,131
6/3/2024 22:52,32,64,204,226,17,11,78,2,6,8,139
6/3/2024 22:57,32,65,203,227,18,1,78,2,5,7,137
6/3/2024 23:02,32,65,204,227,17,11,77,2,6,7,115
6/3/2024 23:07,32,65,204,222,17,11,76,2,7,8,115
6/3/2024 23:12,32,65,205,223,18,4,77,2,6,7,116
6/3/2024 23:17,32,65,205,223,17,8,77,2,6,7,143
6/3/2024 23:22,32,65,204,225,17,11,77,2,6,8,136
6/3/2024 23:27,32,65,205,223,16,8,76,2,6,7,147
6/3/2024 23:32,32,65,204,224,16,8,75,2,5,5,115
6/3/2024 23:37,32,65,207,235,16,11,76,2,5,6,121
6/3/2024 23:42,32,65,204,220,16,11,76,2,6,7,156
6/3/2024 23:47,32,65,205,233,15,8,75,2,5,6,116
6/3/2024 23:52,31,66,204,230,15,8,74,2,5,6,98
6/3/2024 23:57,31,66,205,225,17,4,74,2,6,7,101
6/4/2024 0:02,31,67,205,229,15,8,74,2,5,5,92
6/4/2024 0:07,31,67,206,236,15,0,74,2,6,7,85
6/4/2024 0:12,31,67,205,229,16,4,76,2,6,6,98
6/4/2024 0:17,31,67,206,228,15,8,75,2,5,6,88
6/4/2024 0:22,31,67,204,237,15,4,75,2,4,4,102
6/4/2024 0:27,31,67,203,229,16,11,74,2,4,5,96
6/4/2024 0:32,31,68,204,223,15,8,76,2,5,6,165
6/4/2024 0:37,31,67,205,274,16,4,73,2,6,6,92
6/4/2024 0:42,31,68,206,232,15,11,75,2,5,5,129
6/4/2024 0:47,31,68,205,230,15,1,74,2,5,5,91
6/4/2024 0:52,31,68,207,247,16,8,73,2,5,5,80
6/4/2024 0:57,31,68,206,236,14,1,74,2,5,5,84
6/4/2024 1:02,31,68,205,226,15,8,73,2,5,5,86
6/4/2024 1:07,31,68,206,236,15,8,74,2,5,5,107
6/4/2024 1:12,31,69,204,231,14,8,74,2,5,5,114
6/4/2024 1:17,31,68,205,235,15,1,73,2,4,4,85
6/4/2024 1:22,31,68,205,234,14,1,72,2,5,5,73
6/4/2024 1:27,31,69,205,229,14,8,73,2,5,5,83
6/4/2024 1:32,30,69,207,231,16,0,75,2,4,4,105
6/4/2024 1:37,30,69,207,233,14,1,74,2,5,5,75
6/4/2024 1:42,30,69,204,227,16,4,75,2,5,5,69
6/4/2024 1:47,30,69,206,244,16,1,76,2,5,5,83
6/4/2024 1:52,30,70,205,232,14,4,75,2,5,5,73
6/4/2024 1:57,30,69,203,220,15,8,74,2,6,6,75
6/4/2024 2:02,30,70,205,233,15,8,75,2,5,5,110
6/4/2024 2:07,30,70,205,239,15,8,76,2,5,5,90
6/4/2024 2:12,30,70,204,237,14,8,75,2,5,5,79
6/4/2024 2:17,30,70,205,226,15,4,75,2,4,4,92
6/4/2024 2:22,30,70,206,230,14,1,74,2,5,5,62
6/4/2024 2:27,30,71,203,221,16,4,76,2,5,5,72
6/4/2024 2:32,30,70,205,225,14,4,77,2,6,6,80
6/4/2024 2:37,30,70,205,227,14,4,76,2,6,6,70
6/4/2024 2:42,30,71,204,222,15,4,77,2,5,5,68
6/4/2024 2:47,31,71,206,226,16,0,77,2,6,6,77
6/4/2024 2:52,31,71,203,218,15,1,77,2,7,7,93
6/4/2024 2:57,31,71,205,235,15,4,77,2,7,7,91
6/4/2024 3:02,31,71,205,223,12,8,77,2,7,7,81
6/4/2024 3:07,31,71,204,226,15,8,76,2,6,6,79
6/4/2024 3:12,31,70,204,231,15,4,75,2,6,6,65
6/4/2024 3:17,31,70,203,227,14,4,77,2,6,6,72
6/4/2024 3:22,31,70,203,224,15,8,77,2,7,7,70
6/4/2024 3:27,30,70,207,230,15,4,76,2,7,7,63
6/4/2024 3:32,30,70,206,234,15,4,76,2,8,8,66
6/4/2024 3:37,30,71,205,229,16,1,75,2,52,52,84
6/4/2024 3:42,30,71,206,228,14,8,78,2,105,105,96
6/4/2024 3:47,30,71,206,242,14,4,77,2,90,90,100
6/4/2024 3:52,30,71,203,219,15,1,77,2,94,94,89
6/4/2024 3:57,30,71,205,231,15,4,79,2,159,159,131
6/4/2024 4:02,30,71,203,225,14,8,77,2,61,61,107
6/4/2024 4:07,30,71,204,242,15,8,77,2,38,38,86
6/4/2024 4:12,30,71,209,247,16,4,76,2,18,18,80
6/4/2024 4:17,30,70,205,228,14,4,75,2,18,18,72
6/4/2024 4:22,30,71,202,224,16,0,77,2,13,13,72
6/4/2024 4:27,30,71,207,232,14,4,76,2,13,13,69
6/4/2024 4:32,30,71,206,230,15,4,77,2,9,9,93
6/4/2024 4:37,30,71,204,227,14,4,77,2,10,10,81
6/4/2024 4:42,30,72,204,228,14,1,78,2,9,9,75
6/4/2024 4:47,30,71,204,224,15,1,77,2,7,7,55
6/4/2024 4:52,30,71,208,235,16,4,78,2,7,7,59
6/4/2024 4:57,30,71,206,246,12,33,76,2,7,7,80
6/4/2024 5:02,30,71,209,237,14,1,77,2,6,6,70
6/4/2024 5:07,30,71,207,226,15,1,78,2,6,6,76
6/4/2024 5:12,30,71,207,238,15,8,77,2,4,4,61
6/4/2024 5:17,30,72,205,230,14,0,78,2,5,5,65
6/4/2024 5:22,30,73,207,228,15,4,79,2,5,5,114
6/4/2024 5:27,30,72,207,243,15,4,78,2,5,5,96
6/4/2024 5:32,30,73,204,221,14,4,80,2,5,5,89
6/4/2024 5:37,30,73,204,229,14,1,79,2,6,7,101
6/4/2024 5:42,30,72,203,226,15,4,79,2,5,6,78
6/4/2024 5:47,30,73,204,224,14,8,79,2,6,6,78
6/4/2024 5:52,30,72,207,225,14,8,79,2,6,6,75
6/4/2024 5:57,30,72,205,223,16,4,79,2,6,6,74
6/4/2024 6:02,30,72,203,227,14,0,77,2,8,8,68
6/4/2024 6:07,30,72,204,223,16,1,78,2,7,7,55
6/4/2024 6:12,30,72,205,236,17,0,79,2,5,5,62
6/4/2024 6:17,30,72,203,239,16,1,77,2,7,7,62
6/4/2024 6:22,30,72,206,231,18,8,77,2,6,6,60
6/4/2024 6:27,30,73,204,229,20,4,79,2,6,6,90
6/4/2024 6:32,30,73,207,233,22,1,81,2,6,6,88
6/4/2024 6:37,30,73,203,221,28,0,81,2,6,7,82
6/4/2024 6:42,30,73,205,225,37,4,80,2,7,7,90
6/4/2024 6:47,30,73,204,228,45,8,82,2,6,8,97
6/4/2024 6:52,30,73,203,220,48,4,82,2,8,10,91
6/4/2024 6:57,31,73,203,219,51,4,83,2,8,10,100
6/4/2024 7:02,31,73,204,220,53,4,83,2,9,11,111
6/4/2024 7:07,31,73,204,228,60,0,81,2,9,10,75
6/4/2024 7:12,31,72,206,236,70,30,79,2,9,9,70
6/4/2024 7:17,31,73,205,225,83,4,80,2,11,11,71
6/4/2024 7:22,31,73,204,241,100,8,80,2,9,9,71
6/4/2024 7:27,31,73,203,228,99,8,80,2,5,5,73
6/4/2024 7:32,31,73,205,242,103,8,82,2,5,5,112
6/4/2024 7:37,31,74,205,243,140,0,84,3,7,8,157
6/4/2024 7:42,31,73,203,229,137,1,83,2,7,9,127
6/4/2024 7:47,31,73,203,232,157,1,83,2,8,11,129
6/4/2024 7:52,31,73,203,226,141,0,83,2,5,5,100
6/4/2024 7:57,31,72,204,230,148,0,83,2,6,7,109
6/4/2024 8:02,31,72,204,222,176,8,83,2,5,6,106
6/4/2024 8:07,31,72,208,306,232,33,83,3,7,9,138
6/4/2024 8:12,31,72,207,304,204,8,82,2,9,13,130
6/4/2024 8:17,31,72,205,223,172,1,82,2,13,22,116
6/4/2024 8:22,31,72,208,254,167,17,82,2,12,20,110
6/4/2024 8:27,31,72,208,262,168,1,83,2,10,15,119
6/4/2024 8:32,31,71,206,250,171,1,82,2,8,11,129
6/4/2024 8:37,31,71,207,260,235,1,83,2,10,15,182
6/4/2024 8:42,31,70,205,262,223,4,79,2,6,8,84
6/4/2024 8:47,32,70,206,231,292,4,79,2,5,6,86
6/4/2024 8:52,32,71,209,237,485,1,83,2,4,6,143
6/4/2024 8:57,32,71,207,233,182,0,83,2,7,8,142
6/4/2024 9:02,32,71,210,288,110,1,84,2,8,11,181
6/4/2024 9:07,32,71,207,239,207,8,84,3,9,12,154
6/4/2024 9:12,32,71,208,305,243,4,83,2,8,12,120
6/4/2024 9:17,32,71,208,259,276,8,85,3,10,13,167
6/4/2024 9:22,32,71,205,236,421,1,84,2,9,11,132
6/4/2024 9:27,32,70,206,309,315,8,84,3,9,10,169
6/4/2024 9:32,32,70,204,225,348,4,83,2,8,8,118
6/4/2024 9:37,32,70,206,259,374,8,85,3,8,9,162
6/4/2024 9:42,32,70,206,245,293,8,85,3,12,17,144
6/4/2024 9:47,32,71,205,225,329,8,85,3,12,16,199
6/4/2024 9:52,32,68,219,323,701,1,78,2,14,22,35
6/4/2024 9:57,32,68,209,286,701,8,74,2,17,23,45
6/4/2024 10:02,32,67,207,236,701,0,72,2,7,8,22
6/4/2024 10:07,32,68,208,243,701,0,71,2,9,10,25
6/4/2024 10:12,32,68,205,226,702,1,72,2,8,9,32
6/4/2024 10:17,32,67,204,231,701,1,74,2,7,10,54
6/4/2024 10:22,32,66,208,231,701,1,67,2,6,6,8
6/4/2024 10:27,32,69,209,251,701,4,75,2,9,11,71
6/4/2024 10:32,32,70,209,237,701,8,80,2,17,26,142
6/4/2024 10:37,32,68,206,261,702,1,72,2,7,9,24
6/4/2024 10:42,32,67,207,241,701,4,72,2,7,8,20
6/4/2024 10:47,32,67,205,235,702,1,74,2,9,10,73
6/4/2024 10:52,33,67,208,282,701,4,75,2,8,10,71
6/4/2024 10:57,33,64,207,304,702,0,70,2,6,7,18
6/4/2024 11:02,33,63,207,238,701,0,68,2,5,5,12
6/4/2024 11:07,33,67,210,242,701,0,78,2,7,9,82
6/4/2024 11:12,33,65,210,255,701,21,76,2,7,8,46
6/4/2024 11:17,33,64,207,305,701,1,73,2,6,7,22
6/4/2024 11:22,33,63,205,228,701,1,70,2,5,7,15
6/4/2024 11:27,33,64,205,232,700,0,73,2,7,9,35
6/4/2024 11:32,33,64,206,223,702,1,72,2,6,7,46
6/4/2024 11:37,33,64,214,259,701,0,68,2,7,9,16
6/4/2024 11:42,33,63,207,227,701,0,70,2,9,13,40
6/4/2024 11:47,33,65,208,264,702,1,71,2,8,10,30
6/4/2024 11:52,33,61,205,227,701,1,67,2,7,8,18
6/4/2024 11:57,34,60,205,275,701,1,70,2,8,10,29
6/4/2024 12:02,34,64,208,237,701,1,72,2,11,14,57
6/4/2024 12:07,34,62,207,241,701,1,71,2,11,14,49
6/4/2024 12:12,34,64,205,240,700,4,74,2,12,17,102
6/4/2024 12:17,34,64,206,223,701,4,77,2,14,19,100
6/4/2024 12:22,34,63,208,237,701,0,73,2,9,11,56
6/4/2024 12:27,34,65,208,231,700,0,80,2,12,16,94
6/4/2024 12:32,34,64,205,228,700,11,77,2,9,12,57
6/4/2024 12:37,34,63,207,241,701,4,76,2,12,16,65
6/4/2024 12:42,34,63,207,251,702,4,73,2,10,13,51
6/4/2024 12:47,34,63,210,282,701,4,73,2,13,17,110
6/4/2024 12:52,34,60,211,297,701,4,70,2,6,8,21
6/4/2024 12:57,34,61,211,241,702,0,73,2,9,14,48
6/4/2024 13:02,34,61,208,247,700,1,72,2,9,12,36
6/4/2024 13:07,34,59,208,239,701,1,71,2,7,10,35
6/4/2024 13:12,35,62,211,259,701,0,77,2,16,27,96
6/4/2024 13:17,35,60,208,259,713,33,69,2,14,20,69
6/4/2024 13:22,35,59,206,227,701,1,69,2,5,7,33
6/4/2024 13:27,35,57,208,232,702,1,69,2,8,9,36
6/4/2024 13:32,35,61,208,246,701,4,77,2,8,11,120
6/4/2024 13:37,35,60,217,255,700,8,73,2,8,10,49
6/4/2024 13:42,35,62,206,227,701,1,75,2,9,10,155
6/4/2024 13:47,35,60,208,243,701,4,72,2,5,6,26
6/4/2024 13:52,35,61,212,242,701,1,70,2,8,9,47
6/4/2024 13:57,35,61,205,233,701,4,70,2,10,13,44
6/4/2024 14:02,35,61,207,242,701,4,76,2,7,9,104
6/4/2024 14:07,35,62,207,239,701,4,80,3,10,14,71
6/4/2024 14:12,35,60,209,249,701,8,74,2,43,43,79
6/4/2024 14:17,35,57,206,233,701,4,72,2,13,13,49
6/4/2024 14:22,35,58,206,229,701,0,73,2,12,17,56
6/4/2024 14:27,35,59,207,237,701,1,71,2,14,14,49
6/4/2024 14:32,35,61,208,236,701,8,76,2,21,23,181
6/4/2024 14:37,35,60,211,245,701,4,73,2,41,41,77
6/4/2024 14:42,35,61,208,227,701,4,75,2,20,20,176
6/4/2024 14:47,35,61,208,250,701,1,75,2,18,18,163
6/4/2024 14:52,35,61,207,227,700,1,75,2,13,13,67
6/4/2024 14:57,35,63,206,225,701,4,77,2,86,86,203
6/4/2024 15:02,35,62,210,284,701,1,73,3,102,102,211
6/4/2024 15:07,35,63,209,229,701,0,77,3,15,15,141
6/4/2024 15:12,35,62,210,245,701,4,72,2,14,16,81
6/4/2024 15:17,35,61,206,232,701,4,76,3,54,54,269
6/4/2024 15:22,35,58,207,233,701,4,68,2,9,9,37
6/4/2024 15:27,35,61,207,235,700,1,74,2,13,14,110
6/4/2024 15:32,35,62,207,238,701,4,74,2,12,14,106
6/4/2024 15:37,35,61,212,280,700,1,70,2,10,13,38
6/4/2024 15:42,35,61,212,260,700,4,72,2,16,17,71
6/4/2024 15:47,35,60,206,224,701,0,68,2,8,8,42
6/4/2024 15:52,35,61,210,242,701,8,67,2,7,9,27
6/4/2024 15:57,35,61,210,238,701,1,70,2,9,11,52
6/4/2024 16:02,35,60,209,235,700,4,71,2,10,12,57
6/4/2024 16:07,35,59,208,266,701,4,67,2,7,8,29
6/4/2024 16:12,35,62,209,252,700,4,77,2,11,15,94
6/4/2024 16:17,35,62,209,246,701,0,73,2,13,17,123
6/4/2024 16:22,35,58,207,236,701,0,68,2,10,13,25
6/4/2024 16:27,35,61,208,231,701,14,71,2,12,18,59
6/4/2024 16:32,35,62,205,225,701,4,77,2,13,21,138
6/4/2024 16:37,35,60,207,230,701,4,72,2,11,15,60
6/4/2024 16:42,35,61,206,225,700,1,73,2,9,13,58
6/4/2024 16:47,35,60,210,245,701,1,73,2,10,13,79
6/4/2024 16:52,35,63,211,251,700,1,72,2,14,19,93
6/4/2024 16:57,35,61,207,235,700,4,70,2,8,12,31
6/4/2024 17:02,34,61,206,231,700,1,68,2,9,12,28
6/4/2024 17:07,34,62,207,250,701,1,69,2,6,9,56
6/4/2024 17:12,34,63,212,283,700,0,71,2,13,23,60
6/4/2024 17:17,34,64,213,298,701,0,68,2,7,11,30
6/4/2024 17:22,34,67,208,261,701,0,74,2,15,25,114
6/4/2024 17:27,34,68,210,301,701,8,78,2,23,41,124
6/4/2024 17:32,34,64,217,286,701,4,72,2,9,15,62
6/4/2024 17:37,34,65,216,251,698,0,71,2,17,30,112
6/4/2024 17:42,33,65,208,239,701,4,70,2,9,16,60
6/4/2024 17:47,33,66,209,254,701,0,71,2,6,11,61
6/4/2024 17:52,33,68,208,230,571,4,72,2,7,12,77
6/4/2024 17:57,33,69,205,227,557,1,73,2,10,17,131
6/4/2024 18:02,33,68,205,223,477,0,70,2,6,10,50
6/4/2024 18:07,33,70,210,239,566,1,75,2,10,18,161
6/4/2024 18:12,33,70,207,232,357,0,77,2,9,15,105
6/4/2024 18:17,33,70,205,231,382,1,75,2,9,15,87
6/4/2024 18:22,33,69,210,246,437,0,71,2,7,11,67
6/4/2024 18:27,32,67,206,227,401,0,68,2,7,11,17
6/4/2024 18:32,32,67,207,241,284,0,66,2,6,10,24
6/4/2024 18:37,32,67,206,229,187,0,68,2,7,11,40
6/4/2024 18:42,32,69,207,236,103,0,71,2,10,17,86
6/4/2024 18:47,32,69,208,305,90,0,72,2,12,19,82
6/4/2024 18:52,32,70,208,239,25,8,76,2,14,23,97
6/4/2024 18:57,32,71,210,258,20,0,79,2,47,86,204
6/4/2024 19:02,32,70,216,266,17,0,77,2,26,46,160
6/4/2024 19:07,32,70,210,235,16,4,76,2,27,47,155
6/4/2024 19:12,32,70,208,255,16,1,77,2,19,32,178
6/4/2024 19:17,32,71,206,274,15,1,81,2,25,44,229
6/4/2024 19:22,32,71,207,232,14,4,80,2,24,43,167
6/4/2024 19:27,32,71,214,307,16,0,81,2,23,41,194
6/4/2024 19:32,32,70,208,313,16,0,81,2,17,31,218
6/4/2024 19:37,32,70,208,238,14,4,80,2,16,27,190
6/4/2024 19:42,32,70,211,237,16,0,78,2,14,24,195
6/4/2024 19:47,32,70,209,237,14,0,78,2,21,31,168
6/4/2024 19:52,32,70,209,240,15,0,78,2,30,31,190
6/4/2024 19:57,32,70,205,224,16,4,80,2,26,26,257
6/4/2024 20:02,32,70,210,241,14,1,80,3,27,30,268
6/4/2024 20:07,32,68,210,244,14,4,77,2,14,17,127
6/4/2024 20:12,32,69,209,247,15,4,77,2,21,23,199
6/4/2024 20:17,32,69,207,247,16,1,79,2,35,35,229
6/4/2024 20:22,32,69,206,247,15,4,78,2,26,27,215
6/4/2024 20:27,32,70,206,227,14,4,80,2,24,26,255
6/4/2024 20:32,32,69,207,230,14,1,80,2,23,25,244
6/4/2024 20:37,32,69,206,244,15,4,79,2,28,31,213
6/4/2024 20:42,32,69,207,233,14,0,78,2,21,31,201
6/4/2024 20:47,32,69,206,312,14,1,79,2,23,27,228
6/4/2024 20:52,32,70,207,233,14,1,78,2,38,44,230
6/4/2024 20:57,32,70,206,228,15,4,80,2,18,20,246
6/4/2024 21:01,31,69,206,245,15,1,80,2,23,25,186
6/4/2024 21:06,31,68,205,226,14,0,77,2,13,17,151
6/4/2024 21:11,31,70,207,264,15,1,79,2,80,80,263
6/4/2024 21:16,31,69,207,241,15,4,79,3,30,30,235
6/4/2024 21:21,31,70,205,224,14,1,79,2,19,24,209
6/4/2024 21:26,31,70,206,226,15,0,81,3,22,37,298
6/4/2024 21:31,31,70,206,240,16,4,79,2,19,32,203
6/4/2024 21:36,31,70,206,242,16,4,79,2,16,22,195
6/4/2024 21:41,31,70,205,223,15,1,77,2,19,24,176
6/4/2024 21:46,31,70,207,234,15,4,79,2,14,19,208
6/4/2024 21:51,31,70,208,244,14,0,77,2,14,20,153
6/4/2024 21:56,31,70,206,233,15,0,77,2,14,22,159
6/4/2024 22:01,31,70,206,251,13,30,76,2,9,16,192
6/4/2024 22:06,31,71,204,223,16,0,81,2,9,15,200
6/4/2024 22:11,31,70,206,293,15,0,78,2,11,18,174
6/4/2024 22:16,31,71,207,227,15,0,81,2,10,18,287
6/4/2024 22:21,31,71,207,229,14,1,79,2,12,21,160
6/4/2024 22:26,31,71,207,236,14,1,80,2,11,19,206
6/4/2024 22:31,31,71,207,239,15,1,80,2,12,21,154
6/4/2024 22:36,31,71,206,227,15,4,79,2,9,16,133
6/4/2024 22:41,31,71,206,237,15,0,78,2,11,18,151
6/4/2024 22:46,31,71,209,249,15,4,79,2,12,21,164
6/4/2024 22:51,31,71,208,233,14,4,80,2,12,22,137
6/4/2024 22:56,31,71,209,243,16,4,79,2,9,15,144
6/4/2024 23:01,31,71,206,227,16,1,79,2,9,16,141
6/4/2024 23:06,31,72,208,243,14,1,79,2,9,16,171
6/4/2024 23:11,31,71,204,230,14,4,80,2,9,15,126
6/4/2024 23:16,31,72,209,245,15,1,78,2,8,14,117
6/4/2024 23:21,31,71,205,218,15,1,79,2,8,14,217
6/4/2024 23:26,31,72,208,238,16,11,79,2,9,15,118
6/4/2024 23:31,31,72,206,227,15,0,78,2,8,13,107
6/4/2024 23:36,31,72,206,233,15,0,81,2,7,13,120
6/4/2024 23:41,31,72,207,233,15,4,80,2,7,12,114
6/4/2024 23:46,31,72,207,241,15,0,81,2,6,10,109
6/4/2024 23:51,31,72,205,233,15,4,82,2,6,10,128
6/4/2024 23:56,31,72,207,234,15,1,81,2,6,10,116
6/5/2024 0:01,31,72,206,227,14,1,79,2,6,10,103
6/5/2024 0:06,31,71,206,228,16,11,78,2,6,10,102
6/5/2024 0:11,31,72,206,227,16,0,77,2,6,10,135
6/5/2024 0:16,31,71,208,238,15,1,79,2,6,10,96
6/5/2024 0:21,31,72,208,244,14,4,80,2,6,10,98
6/5/2024 0:26,31,72,209,237,14,0,82,2,6,10,136
6/5/2024 0:31,31,71,207,233,15,1,77,2,5,9,69
6/5/2024 0:36,30,72,207,232,14,1,77,2,6,10,115
6/5/2024 0:41,30,72,207,231,15,1,79,2,5,9,124
6/5/2024 0:46,30,72,206,239,15,0,77,2,6,10,94
6/5/2024 0:51,30,72,206,232,14,1,80,2,6,10,94
6/5/2024 0:56,30,72,214,243,15,0,81,2,7,12,87
6/5/2024 1:01,30,72,207,239,14,1,82,2,8,12,104
6/5/2024 1:06,30,72,209,258,15,4,80,2,5,8,85
6/5/2024 1:11,30,72,206,228,14,0,81,2,8,12,85
6/5/2024 1:16,30,72,205,228,14,4,82,2,6,10,95
6/5/2024 1:21,30,73,205,228,14,1,83,3,5,7,112
6/5/2024 1:26,30,73,206,231,14,4,81,2,6,8,88
6/5/2024 1:31,30,73,206,234,15,1,82,2,6,10,92
6/5/2024 1:36,30,73,207,235,14,1,82,2,7,11,102
6/5/2024 1:41,30,73,209,234,14,4,83,3,8,11,112
6/5/2024 1:46,30,73,207,233,14,1,82,2,6,9,89
6/5/2024 1:51,30,73,206,231,14,4,80,2,7,11,81
6/5/2024 1:56,30,73,206,227,15,0,82,2,6,9,111
6/5/2024 2:01,30,74,207,237,14,1,81,2,5,7,96
6/5/2024 2:06,30,73,206,240,15,0,83,3,5,7,102
6/5/2024 2:11,30,74,208,242,15,0,82,2,5,8,86
6/5/2024 2:16,30,73,207,233,16,0,83,2,6,8,94
6/5/2024 2:21,30,74,211,243,14,0,84,3,7,12,113
6/5/2024 2:26,30,74,208,238,14,1,83,3,7,11,103
6/5/2024 2:31,30,74,209,237,14,0,84,3,7,11,99
6/5/2024 2:34,30,73,210,253,13,0,81,2,5,8,83
6/5/2024 2:39,30,73,206,228,15,1,82,2,5,8,90
6/5/2024 2:44,30,73,206,235,12,1,77,2,7,9,102
6/5/2024 2:49,30,73,205,239,15,0,83,2,6,9,93
6/5/2024 2:54,30,73,207,234,15,0,84,3,7,10,99
6/5/2024 2:59,30,73,210,239,15,0,84,3,9,14,92
6/5/2024 3:04,30,73,204,240,15,0,83,3,6,9,77
6/5/2024 3:09,30,73,206,237,15,0,83,3,6,9,97
6/5/2024 3:14,30,73,207,232,15,0,84,3,6,9,99
6/5/2024 3:19,30,73,205,232,15,1,85,3,6,10,104
6/5/2024 3:24,30,73,207,236,16,1,85,3,5,8,76
6/5/2024 3:29,30,73,208,236,14,1,85,3,5,7,85
6/5/2024 3:34,30,74,206,233,15,4,85,3,6,8,108
6/5/2024 3:39,30,73,207,235,14,0,83,3,6,9,51
6/5/2024 3:44,30,73,208,239,12,17,82,3,6,8,85
6/5/2024 3:49,30,74,206,230,16,0,83,3,5,8,101
6/5/2024 3:54,30,74,212,241,16,0,82,3,6,8,99
6/5/2024 3:59,30,73,213,242,14,0,85,3,8,10,94
6/5/2024 4:04,30,74,214,243,14,1,86,3,7,10,107
6/5/2024 4:09,30,74,210,235,15,1,85,3,7,9,90
6/5/2024 4:14,30,74,207,232,15,1,87,3,7,9,107
6/5/2024 4:19,30,74,209,246,13,0,87,3,6,9,108
6/5/2024 4:24,30,74,209,247,15,0,83,3,7,9,143
6/5/2024 4:29,30,74,211,245,13,1,85,3,7,9,85
6/5/2024 4:34,30,74,209,234,14,0,83,3,5,6,79
6/5/2024 4:39,30,74,211,242,14,4,84,3,6,8,72
6/5/2024 4:44,30,74,206,237,15,0,87,3,5,6,108
6/5/2024 4:49,30,74,208,234,14,1,88,3,6,8,102
6/5/2024 4:54,30,74,206,237,15,1,84,3,5,6,79
6/5/2024 4:59,30,74,207,231,15,4,86,3,6,8,109
6/5/2024 5:04,30,74,207,235,16,0,88,3,8,11,103
6/5/2024 5:09,30,74,208,251,14,0,87,3,6,8,82
6/5/2024 5:14,30,73,206,244,13,0,84,3,5,7,121
6/5/2024 5:19,30,73,208,229,14,1,85,3,6,7,83
6/5/2024 5:24,30,74,207,231,14,0,88,3,7,9,90
6/5/2024 5:29,30,74,206,231,15,4,88,3,6,9,101
6/5/2024 8:20,28,87,190,225,301,0,129,5,22,26,83
6/5/2024 8:25,28,85,186,196,308,1,120,4,19,22,89
6/5/2024 8:30,29,81,187,214,333,8,117,4,15,17,123
6/5/2024 8:35,30,78,196,283,350,8,116,4,12,14,109
6/5/2024 8:40,30,76,206,287,374,0,114,4,11,13,127
6/5/2024 8:45,30,75,202,292,381,0,114,4,9,11,103
6/5/2024 8:50,31,73,202,286,227,0,114,4,10,13,95
6/5/2024 8:55,31,74,199,276,381,0,113,4,9,11,111
6/5/2024 9:00,31,73,201,295,324,8,116,4,8,12,110
6/5/2024 9:05,31,72,193,208,285,8,116,4,10,16,136
6/5/2024 9:10,32,71,194,209,344,0,113,4,12,19,128
6/5/2024 9:15,32,71,196,226,286,8,116,4,14,24,122
6/5/2024 9:20,32,72,197,283,276,0,119,4,55,101,140
6/5/2024 9:25,32,71,202,315,512,11,103,4,28,51,70
6/5/2024 9:30,32,71,202,253,438,8,107,4,29,54,92
6/5/2024 9:35,32,69,209,257,559,8,102,4,26,47,92
6/5/2024 9:40,32,68,202,281,556,11,99,4,20,35,86
6/5/2024 9:45,33,70,200,233,258,11,100,4,11,17,187
6/5/2024 9:50,33,64,201,253,678,33,82,3,6,8,7
6/5/2024 9:55,33,62,201,242,703,0,77,3,5,6,4
6/5/2024 10:00,33,65,199,221,701,8,83,3,9,13,20
6/5/2024 10:05,33,66,200,224,499,1,88,3,14,22,58
6/5/2024 10:10,33,65,200,230,674,53,81,3,10,15,22
6/5/2024 10:15,33,61,209,242,690,1,77,3,9,14,4
6/5/2024 10:20,33,64,204,272,687,8,77,3,15,21,9
6/5/2024 10:25,33,64,204,246,701,4,79,3,10,15,16
6/5/2024 10:30,33,66,207,252,701,4,82,3,16,26,41
6/5/2024 10:35,33,65,213,305,701,11,79,3,10,16,19
6/5/2024 10:40,33,66,206,259,404,1,80,3,8,11,26
6/5/2024 10:45,33,65,207,303,701,8,80,3,19,28,24
6/5/2024 10:50,33,64,204,250,701,1,76,3,11,16,12
6/5/2024 10:55,33,66,206,264,701,8,87,3,25,43,59
6/5/2024 11:00,33,66,205,306,701,4,86,3,14,22,35
6/5/2024 11:05,33,65,210,308,701,4,86,3,13,21,54
6/5/2024 11:10,33,64,204,231,700,0,84,3,15,23,67
6/5/2024 11:15,33,63,206,298,700,4,78,3,8,11,19
6/5/2024 11:20,33,60,206,284,702,8,73,3,7,9,9
6/5/2024 11:25,33,60,211,297,701,1,73,3,8,11,11
6/5/2024 11:30,34,59,206,328,701,1,75,3,10,14,12
6/5/2024 11:35,34,60,207,326,702,0,73,3,10,14,12
6/5/2024 11:40,34,60,207,232,703,8,79,3,10,15,28
6/5/2024 11:45,34,57,207,239,701,1,73,3,9,13,17
6/5/2024 11:50,34,61,209,331,701,4,79,3,15,25,57
6/5/2024 11:55,34,58,207,323,701,0,72,3,9,13,9
6/5/2024 12:00,34,60,207,240,701,0,82,3,9,14,50
6/5/2024 12:05,34,57,206,229,702,1,72,3,6,8,10
6/5/2024 12:10,34,59,207,261,701,0,75,3,13,19,9
6/5/2024 12:15,34,63,208,243,701,4,80,3,9,13,33
6/5/2024 12:20,34,58,208,239,701,1,75,3,10,15,21
6/5/2024 12:25,34,58,207,235,701,1,75,3,9,13,24
6/5/2024 12:30,34,58,210,244,701,0,71,3,9,12,11
6/5/2024 12:35,34,58,212,251,702,4,73,3,8,9,19
6/5/2024 12:40,34,59,210,231,701,1,77,3,16,23,57
6/5/2024 12:45,34,62,208,237,701,4,83,3,23,36,46
6/5/2024 12:50,34,57,210,318,701,1,77,3,11,16,28
6/5/2024 12:55,34,60,210,246,701,4,79,3,11,16,22
6/5/2024 13:00,34,58,206,220,702,4,77,3,12,18,17
6/5/2024 13:05,34,60,218,274,701,0,81,3,10,15,57
6/5/2024 13:10,34,60,208,236,701,4,80,3,11,16,53
6/5/2024 13:15,34,60,209,231,701,0,77,3,8,11,33
6/5/2024 13:17,34,61,210,238,701,1,81,3,11,16,40
6/5/2024 13:22,34,62,210,240,701,1,87,3,14,21,68
6/5/2024 13:27,35,58,207,229,701,8,75,3,7,9,16
6/5/2024 13:32,35,60,207,230,701,0,81,3,8,11,49
6/5/2024 13:37,35,59,206,230,701,4,79,3,8,10,32
6/5/2024 13:42,35,61,208,231,700,4,88,3,22,36,101
6/5/2024 13:47,35,58,209,237,701,8,79,3,15,24,21
6/5/2024 13:52,35,58,210,252,700,8,77,3,10,14,31
6/5/2024 13:57,35,57,210,233,702,1,77,3,22,22,30
6/5/2024 14:02,35,58,206,226,701,4,76,3,27,27,47
6/5/2024 14:07,35,57,208,245,701,8,76,3,11,11,31
6/5/2024 14:12,35,55,210,233,701,8,76,3,7,8,31
6/5/2024 14:17,35,56,210,239,702,1,75,3,8,8,43
6/5/2024 14:22,35,58,208,235,701,1,81,3,8,9,89
6/5/2024 14:27,35,57,213,257,701,4,82,3,8,10,68
6/5/2024 14:32,35,59,218,259,701,4,86,3,15,19,95
6/5/2024 14:37,35,59,208,241,701,4,87,3,14,20,87
6/5/2024 14:42,35,56,208,250,700,1,79,3,7,8,44
6/5/2024 14:47,35,57,208,234,701,8,83,3,9,13,67
6/5/2024 14:52,36,56,213,247,701,0,84,3,27,33,63
6/5/2024 14:57,36,55,239,320,701,4,80,3,57,58,65
6/5/2024 15:02,36,56,208,244,701,4,81,3,16,17,57
6/5/2024 15:07,36,56,208,235,701,4,83,3,11,13,80
6/5/2024 15:12,36,57,213,238,701,8,81,3,12,17,50
6/5/2024 15:17,36,57,210,248,712,4,85,3,18,26,103
6/5/2024 15:22,36,58,213,241,701,4,91,3,11,19,141
6/5/2024 15:27,36,56,211,241,701,8,81,3,6,9,28
6/5/2024 15:32,36,54,209,240,701,8,80,3,10,15,51
6/5/2024 15:37,36,55,208,229,701,1,83,3,11,17,64
6/5/2024 15:42,36,56,210,266,701,4,77,3,10,15,29
6/5/2024 15:47,36,55,211,255,701,4,79,3,13,21,43
6/5/2024 15:52,35,54,208,255,701,4,76,3,15,24,29
6/5/2024 15:57,35,56,208,245,702,8,80,3,17,29,57
6/5/2024 16:02,35,57,207,227,701,4,78,3,10,15,39
6/5/2024 16:07,35,58,208,233,700,1,80,3,15,23,59
6/5/2024 16:12,35,56,213,310,702,17,74,3,11,17,26
6/5/2024 16:17,35,58,215,247,700,0,82,3,14,23,64
6/5/2024 16:22,35,57,211,251,700,4,79,3,13,22,37
6/5/2024 16:27,35,58,212,246,701,1,84,3,23,42,86
6/5/2024 16:32,35,62,218,286,710,27,92,3,49,94,161
6/5/2024 16:37,35,57,216,259,701,8,83,3,12,19,46
6/5/2024 16:42,35,58,208,237,701,0,88,3,10,13,146
6/5/2024 16:47,35,59,208,239,701,4,80,3,8,10,51
6/5/2024 16:52,35,59,210,234,700,8,85,3,9,13,102
6/5/2024 16:57,35,57,212,241,701,8,77,3,8,11,25
6/5/2024 17:02,35,58,209,242,701,4,87,3,13,19,126
6/5/2024 17:07,35,58,208,229,701,4,82,3,9,13,61
6/5/2024 17:12,35,59,207,228,701,0,82,3,13,19,61
6/5/2024 17:17,35,60,210,240,701,0,88,3,14,23,111
6/5/2024 17:22,35,60,211,248,701,0,83,3,11,17,64
6/5/2024 17:27,35,62,211,250,701,4,91,3,13,20,125
6/5/2024 17:32,35,64,209,240,700,1,93,3,14,20,147
6/5/2024 17:37,35,63,212,244,699,0,87,3,15,21,85
6/5/2024 17:42,35,63,210,242,700,4,84,3,10,15,76
6/5/2024 17:47,34,63,211,240,701,8,85,3,12,18,76
6/5/2024 17:52,34,64,216,252,686,4,89,3,10,16,128
6/5/2024 17:57,34,62,212,244,648,8,83,3,10,14,68
6/5/2024 18:02,34,64,211,250,614,4,90,3,11,16,113
6/5/2024 18:07,34,63,210,241,579,1,88,3,10,15,107
6/5/2024 18:12,34,62,211,234,467,4,80,3,14,16,37
6/5/2024 18:17,34,61,211,252,309,0,77,3,8,10,28
6/5/2024 18:22,34,64,214,264,180,0,83,3,9,12,47
6/5/2024 18:27,34,64,211,261,140,4,85,3,8,10,80
6/5/2024 18:32,34,64,213,254,120,4,82,3,7,8,55
6/5/2024 18:37,34,64,213,258,99,4,86,3,136,136,186
6/5/2024 18:42,34,66,215,310,25,4,87,3,46,46,146
6/5/2024 18:47,33,66,214,252,19,0,89,3,21,21,127
6/5/2024 18:52,33,66,220,287,7,8,89,3,15,15,96
6/5/2024 18:57,33,67,206,227,6,4,91,3,19,19,122
6/5/2024 19:02,33,66,208,231,6,8,90,3,17,17,87
6/5/2024 19:07,33,67,211,246,7,11,93,3,11,11,139
6/5/2024 19:12,33,67,211,247,6,4,92,3,9,9,138
6/5/2024 19:17,33,66,212,244,6,0,90,3,17,17,76
6/5/2024 19:22,33,66,210,249,17,4,91,3,11,11,107
6/5/2024 19:27,33,68,210,269,16,4,102,3,86,86,220
6/5/2024 19:32,33,69,212,261,16,0,99,3,119,119,203
6/5/2024 19:37,33,69,213,264,16,8,102,3,39,39,198
6/5/2024 19:42,33,70,210,247,16,8,106,3,31,31,266
6/5/2024 19:47,33,69,209,250,16,0,101,3,15,16,174
6/5/2024 19:52,33,69,208,247,16,8,102,3,15,16,212
6/5/2024 19:56,33,69,209,236,16,1,103,3,23,23,224
6/5/2024 20:01,33,68,207,230,16,8,100,3,16,16,187
6/5/2024 20:06,33,69,207,235,16,4,103,3,23,23,218
6/5/2024 20:11,33,69,207,247,14,1,104,3,23,23,228
6/5/2024 20:16,33,71,212,236,15,4,105,3,23,23,217
6/5/2024 20:21,33,69,209,232,15,0,101,3,21,21,188
6/5/2024 20:26,33,69,211,249,15,0,101,3,14,14,186
6/5/2024 20:31,33,69,207,234,15,4,100,3,9,10,161
6/5/2024 20:36,33,69,208,227,16,0,101,3,10,11,159
6/5/2024 20:41,33,70,210,262,14,0,101,3,18,18,190
6/5/2024 20:46,33,69,208,237,16,0,103,3,13,13,209
6/5/2024 20:51,33,69,210,235,17,30,102,3,10,11,163
6/5/2024 20:56,33,70,209,237,15,4,104,3,11,12,197
6/5/2024 21:06,33,68,211,257,15,4,98,3,8,9,120
6/5/2024 21:11,33,68,207,230,15,0,99,3,7,9,130
6/5/2024 21:16,33,68,208,244,16,0,101,3,9,10,129
6/5/2024 21:21,33,68,207,284,16,0,97,3,8,10,121
6/5/2024 21:26,32,68,208,226,16,1,100,3,8,11,146
6/5/2024 21:31,32,68,208,248,14,4,103,3,8,12,164
6/5/2024 21:36,32,68,210,238,15,1,101,3,8,13,159
6/5/2024 21:41,32,69,213,251,15,4,104,3,11,17,192
6/5/2024 21:46,32,68,212,237,16,0,105,3,11,19,188
6/5/2024 21:51,32,68,207,229,16,0,101,3,9,14,132
6/5/2024 21:56,32,69,208,278,14,0,99,3,8,12,122
6/5/2024 22:01,32,68,212,241,14,0,97,3,9,15,98
6/5/2024 22:02,32,68,212,241,14,0,97,3,9,15,98
6/5/2024 22:02,32,68,212,241,14,0,97,3,9,15,98
6/5/2024 22:06,32,69,210,237,16,1,100,3,8,14,142
6/5/2024 22:07,32,69,210,237,16,1,100,3,8,14,142
6/5/2024 22:11,32,68,209,234,15,1,98,3,10,18,116
6/5/2024 22:16,32,69,210,244,14,1,98,3,7,12,135
6/5/2024 22:21,32,69,210,267,14,4,98,3,8,14,117
6/5/2024 22:26,32,70,211,235,15,0,99,3,7,12,130
6/5/2024 22:31,32,70,209,246,14,4,100,3,8,13,145
6/5/2024 22:36,32,69,208,241,16,0,97,3,10,17,95
6/5/2024 22:41,32,69,209,241,16,0,97,3,8,13,90
6/5/2024 22:46,32,69,209,234,15,0,94,3,7,12,73
6/5/2024 22:51,32,69,206,229,16,0,94,3,7,11,86
6/5/2024 22:56,32,70,210,233,14,8,95,3,7,13,99
6/5/2024 23:01,32,71,213,244,14,1,96,3,6,10,115
6/5/2024 23:06,32,70,208,231,15,0,94,3,9,15,82
6/5/2024 23:11,32,70,208,246,14,0,93,3,5,9,81
6/5/2024 23:16,32,70,210,243,15,4,91,3,6,10,70
6/5/2024 23:21,31,70,209,233,14,0,94,3,8,13,90
6/5/2024 23:26,31,70,209,247,15,4,94,3,7,11,93
6/5/2024 23:31,31,70,207,230,14,1,95,3,7,11,92
6/5/2024 23:36,31,70,212,239,15,1,94,3,7,12,93
6/5/2024 23:41,31,70,209,246,14,0,93,3,5,7,79
6/5/2024 23:46,31,71,208,241,16,4,95,3,6,9,91
6/5/2024 23:51,31,71,207,237,16,0,94,3,5,8,86
6/5/2024 23:56,31,71,208,237,15,0,94,3,4,6,80
6/6/2024 0:01,31,71,208,239,14,4,94,3,4,6,86
6/6/2024 0:06,31,71,206,229,16,4,95,3,4,6,95
6/6/2024 0:11,31,71,210,247,16,1,94,3,4,6,72
6/6/2024 0:16,31,72,208,237,14,1,96,3,4,6,106
6/6/2024 0:21,31,72,205,229,17,0,95,3,3,4,99
6/6/2024 0:26,31,72,209,235,15,4,95,3,4,5,77
6/6/2024 0:31,31,72,211,235,14,0,94,3,4,6,73
6/6/2024 0:36,31,72,206,229,16,8,95,3,4,6,78
6/6/2024 0:41,31,72,206,228,16,4,96,3,4,6,94
6/6/2024 0:46,31,72,208,229,16,0,95,3,5,7,86
6/6/2024 0:51,31,72,208,238,16,0,95,3,4,5,82
6/6/2024 0:56,31,72,210,247,16,8,96,3,4,6,85
6/6/2024 1:01,31,72,207,236,15,4,96,3,3,4,82
6/6/2024 1:06,31,72,209,237,16,1,96,3,4,5,91
6/6/2024 1:11,31,72,209,241,16,0,95,3,3,5,77
6/6/2024 1:16,31,72,210,234,14,0,97,3,4,6,90
6/6/2024 1:21,31,72,211,244,14,4,98,3,4,6,86
6/6/2024 1:26,31,72,215,247,16,0,97,3,4,6,90
6/6/2024 1:31,31,72,212,241,16,1,96,3,2,3,75
6/6/2024 1:36,31,72,211,239,16,4,98,3,3,3,91
6/6/2024 1:41,31,72,214,245,14,1,98,3,4,5,95
6/6/2024 1:46,31,72,208,233,15,0,95,3,4,6,59
6/6/2024 1:51,31,72,205,242,17,0,97,3,3,4,73
6/6/2024 1:56,31,72,206,222,15,8,96,3,5,7,61
6/6/2024 2:01,31,72,206,225,16,4,99,3,5,6,91
6/6/2024 2:06,31,72,206,227,15,0,97,3,4,6,70
6/6/2024 2:11,31,72,207,235,16,4,98,3,3,4,75
6/6/2024 2:16,31,72,213,260,15,0,99,3,4,5,92
6/6/2024 2:21,31,72,211,253,16,4,97,3,3,4,67
6/6/2024 2:26,31,73,209,236,16,1,97,3,5,7,79
6/6/2024 2:31,31,72,212,238,16,4,99,3,3,5,82
6/6/2024 2:36,31,72,208,237,17,1,99,3,5,7,90
6/6/2024 2:41,31,72,211,243,14,1,98,3,4,6,72
6/6/2024 2:46,31,72,208,242,14,0,97,3,3,5,55
6/6/2024 2:51,31,72,205,233,17,0,97,3,4,6,61
6/6/2024 2:56,31,72,209,234,14,1,97,3,4,6,63
6/6/2024 3:01,31,72,206,234,16,0,97,3,4,5,55
6/6/2024 3:06,31,72,209,246,16,0,97,3,5,7,66
6/6/2024 3:11,31,72,210,254,15,4,98,3,4,6,76
6/6/2024 3:16,31,72,206,232,16,4,96,3,4,6,68
6/6/2024 3:21,31,71,206,227,14,0,98,3,5,8,65
6/6/2024 3:26,31,72,207,229,14,4,98,3,4,6,74
6/6/2024 3:31,31,72,205,228,15,1,98,3,5,8,72
6/6/2024 3:36,31,72,207,239,16,1,97,3,5,8,54
6/6/2024 3:41,31,71,206,229,15,0,97,3,5,8,55
6/6/2024 3:46,30,72,203,228,16,1,98,3,4,6,63
6/6/2024 3:51,30,71,206,231,17,1,96,3,3,4,40
6/6/2024 3:56,30,72,207,237,15,1,98,3,4,5,54
6/6/2024 4:01,30,72,210,252,14,0,98,3,5,7,57
6/6/2024 4:06,30,73,209,244,15,1,98,3,4,6,58
6/6/2024 4:11,30,72,210,250,14,4,96,3,4,7,47
6/6/2024 4:16,30,72,207,229,15,0,97,3,5,7,52
6/6/2024 4:21,30,73,207,237,15,4,98,3,4,6,55
6/6/2024 4:26,30,72,210,250,16,0,97,3,4,5,50
6/6/2024 4:31,30,72,209,251,15,8,95,3,3,5,41
6/6/2024 4:36,30,73,210,240,15,0,97,3,3,4,55
6/6/2024 4:41,30,73,210,242,14,0,97,3,3,5,50
6/6/2024 4:46,30,72,206,231,17,0,95,3,5,7,44
6/6/2024 4:51,31,72,206,230,16,8,99,3,4,7,68
6/6/2024 4:56,31,72,208,237,16,0,99,3,4,6,66
6/6/2024 7:20,28,87,187,252,79,14,151,5,9,12,99
6/6/2024 7:25,28,86,187,210,89,8,138,4,11,16,119
6/6/2024 7:30,29,82,187,198,100,0,135,4,8,12,95
6/6/2024 7:35,29,80,188,203,119,1,135,4,9,13,103
6/6/2024 7:40,30,79,190,202,154,1,132,4,8,11,109
6/6/2024 7:45,30,78,192,208,167,4,132,4,8,10,106
6/6/2024 7:50,30,78,193,203,180,11,136,4,8,10,105
6/6/2024 7:55,30,76,193,207,200,8,130,4,9,11,97
6/6/2024 8:00,30,76,194,211,233,8,129,4,8,9,94
6/6/2024 8:05,31,76,194,208,206,11,132,4,9,10,104
6/6/2024 8:10,31,76,195,209,295,0,136,4,14,16,91
6/6/2024 8:15,31,75,197,221,282,1,136,4,12,13,115
6/6/2024 8:20,31,74,198,231,183,24,134,4,12,12,74
6/6/2024 8:25,31,75,200,262,259,8,126,4,25,35,67
6/6/2024 8:30,31,75,200,267,538,4,114,4,20,24,74
6/6/2024 8:35,31,72,201,284,714,0,92,3,13,16,21
6/6/2024 8:40,31,73,206,292,701,0,97,3,17,23,33
6/6/2024 8:45,31,72,201,238,702,4,104,3,8,9,60
6/6/2024 8:50,31,72,200,283,702,0,101,3,14,18,41
6/6/2024 8:55,32,71,201,224,702,11,98,3,10,12,37
6/6/2024 9:00,32,71,203,231,679,0,104,3,12,15,66
6/6/2024 9:05,32,72,204,252,566,4,100,3,11,13,57
6/6/2024 9:10,32,70,204,256,522,4,96,3,11,14,28
6/6/2024 9:15,32,71,203,272,419,4,105,3,9,13,70
6/6/2024 9:20,32,69,202,223,402,8,94,3,10,13,22
6/6/2024 9:30,32,70,206,295,661,4,102,3,19,30,70
6/6/2024 9:35,32,73,205,244,702,4,105,3,21,33,119
6/6/2024 9:40,32,72,204,236,629,1,110,3,13,18,95
6/6/2024 9:45,32,72,214,293,623,0,105,3,18,26,74
6/6/2024 9:50,32,71,220,339,701,8,107,3,17,24,68
6/6/2024 9:55,32,71,217,304,702,4,107,3,27,45,67
6/6/2024 10:00,32,70,222,402,701,4,110,4,33,53,82
6/6/2024 10:05,32,70,219,307,702,4,100,3,28,40,49
6/6/2024 10:10,32,68,229,339,702,1,92,3,18,25,21
6/6/2024 10:15,32,68,209,272,702,0,92,3,9,10,17
6/6/2024 10:20,32,67,207,301,701,0,94,3,7,7,30
6/6/2024 10:25,32,69,206,291,701,4,103,3,7,7,86
6/6/2024 10:30,32,70,208,314,702,8,110,3,8,8,57
6/6/2024 10:35,32,70,207,231,702,8,118,4,8,8,91
6/6/2024 10:40,32,68,207,321,702,4,100,3,7,7,26
6/6/2024 10:45,32,68,208,245,701,0,101,3,7,7,77
6/6/2024 10:50,32,69,208,330,701,0,115,4,7,7,89
6/6/2024 10:55,32,67,211,334,701,4,102,3,6,6,30
6/6/2024 11:00,32,69,211,333,701,4,102,3,6,6,61
6/6/2024 11:05,32,67,209,321,702,0,98,3,6,6,33
6/6/2024 11:10,32,67,210,251,702,8,103,3,7,7,69
6/6/2024 11:15,32,70,206,227,701,0,125,4,6,6,201
6/6/2024 11:20,32,69,205,232,702,1,109,3,6,6,73
6/6/2024 11:25,32,71,209,333,701,8,117,4,5,5,126
6/6/2024 11:30,32,69,210,245,702,1,105,3,7,7,63
6/6/2024 11:35,32,69,207,235,538,8,107,3,6,6,69
6/6/2024 11:40,32,67,206,251,73,0,122,4,5,5,99
6/6/2024 11:45,32,57,219,292,18,0,92,3,3,3,7
6/6/2024 11:50,31,58,223,283,28,0,65,2,4,4,2
6/6/2024 11:55,30,62,231,244,65,4,68,2,3,5,3
6/6/2024 12:00,29,65,218,244,119,0,71,2,3,5,6
6/6/2024 12:05,28,68,219,248,110,4,67,2,2,3,3
6/6/2024 12:10,28,71,210,246,152,1,84,3,2,2,19
6/6/2024 12:15,28,72,208,288,179,1,87,3,2,2,23
6/6/2024 12:20,27,73,206,231,165,1,74,2,2,2,10
6/6/2024 12:25,27,72,212,292,164,0,71,2,3,3,7
6/6/2024 12:30,27,73,209,301,178,4,73,2,2,2,7
6/6/2024 12:35,27,75,215,380,163,1,83,3,2,2,26
6/6/2024 12:40,27,76,211,330,156,0,88,3,18,18,33
6/6/2024 12:45,27,76,213,344,142,1,89,3,4,4,36
6/6/2024 12:50,27,76,210,259,110,4,80,3,7,7,18
6/6/2024 12:55,27,75,210,273,86,1,76,2,14,14,12
6/6/2024 13:00,27,76,205,237,89,0,82,3,48,48,47
6/6/2024 13:05,27,78,206,232,97,0,97,3,9,9,47
6/6/2024 13:10,27,76,211,239,112,0,84,3,3,3,19
6/6/2024 13:15,27,75,210,264,135,1,81,3,7,7,17
6/6/2024 13:20,27,76,206,235,145,0,84,3,10,10,37
6/6/2024 13:25,27,77,211,253,153,0,89,3,4,4,39
6/6/2024 13:30,27,77,205,229,160,4,93,3,3,3,42
6/6/2024 13:35,27,77,208,241,168,0,95,3,3,3,44
6/6/2024 13:40,27,76,207,228,180,1,85,3,2,2,19
6/6/2024 13:45,27,77,208,238,210,0,93,3,2,2,33
6/6/2024 13:50,27,77,207,230,250,1,104,3,2,2,53
6/6/2024 13:55,27,75,211,240,263,0,88,3,2,3,17
6/6/2024 14:00,27,76,207,230,221,0,92,3,2,3,23
6/6/2024 14:05,27,77,208,228,228,4,94,3,2,2,29
6/6/2024 14:10,27,77,207,236,250,0,101,3,2,3,37
6/6/2024 14:15,27,78,208,235,246,0,101,3,3,3,48
6/6/2024 14:20,27,77,209,234,259,0,104,3,3,3,30
6/6/2024 14:25,28,75,209,233,256,0,97,3,3,3,25
6/6/2024 14:30,28,76,207,237,248,1,100,3,3,3,43
6/6/2024 14:35,28,76,206,232,234,1,90,3,3,3,21
6/6/2024 14:40,28,73,213,288,225,1,73,2,4,4,7
6/6/2024 14:45,28,75,214,321,197,1,81,3,4,4,15
6/6/2024 14:50,28,75,207,230,171,1,85,3,3,3,21
6/6/2024 14:55,28,75,208,252,173,1,83,3,3,3,20
6/6/2024 15:00,27,76,214,293,196,0,88,3,3,3,33
6/6/2024 15:05,27,77,212,305,202,0,98,3,3,3,62
6/6/2024 15:10,27,74,211,251,189,4,96,3,9,12,29
6/6/2024 15:15,27,75,207,258,183,4,91,3,5,6,25
6/6/2024 15:20,27,76,206,230,204,0,101,3,4,4,40
6/6/2024 15:25,28,75,209,303,210,1,95,3,3,3,37
6/6/2024 15:30,28,75,209,265,203,0,91,3,4,4,33
6/6/2024 15:35,27,76,207,231,198,1,99,3,3,3,65
6/6/2024 15:40,27,74,206,229,182,1,100,3,3,3,50
6/6/2024 15:45,27,76,207,249,169,1,106,3,3,3,39
6/6/2024 15:50,28,76,209,253,156,1,113,3,3,3,57
6/6/2024 15:55,28,76,206,237,141,0,108,3,3,3,53
6/6/2024 16:00,28,74,206,231,135,0,95,3,3,3,20
6/6/2024 16:05,27,72,207,239,130,0,82,3,4,4,15
6/6/2024 16:10,27,76,207,229,125,8,107,3,3,3,44
6/6/2024 16:15,27,76,210,257,128,0,103,3,3,3,46
6/6/2024 16:20,27,75,207,235,130,4,100,3,3,3,51
6/6/2024 16:25,27,76,206,225,134,1,96,3,3,3,39
6/6/2024 16:30,27,76,207,233,138,1,98,3,5,5,43
6/6/2024 16:35,27,77,210,248,142,1,109,3,5,5,62
6/6/2024 16:40,27,76,209,237,149,1,100,3,6,6,42
6/6/2024 16:45,27,76,209,275,159,0,99,3,7,7,54
6/6/2024 16:50,28,77,206,270,168,0,108,3,5,5,62
6/6/2024 16:55,28,74,205,225,176,0,91,3,4,4,18
6/6/2024 17:00,27,75,208,249,182,0,83,3,13,21,23
6/6/2024 17:05,27,75,206,226,184,0,93,3,7,10,37
6/6/2024 17:10,27,75,210,245,180,0,93,3,5,6,32
6/6/2024 17:15,27,76,206,242,175,4,100,3,4,5,42
6/6/2024 17:20,27,77,205,232,168,0,106,3,9,11,48
6/6/2024 17:25,27,76,205,236,156,1,104,3,8,8,32
6/6/2024 17:30,27,77,206,234,141,1,109,3,5,5,30
6/6/2024 17:35,27,76,207,248,130,0,103,3,5,5,50
6/6/2024 17:40,28,75,206,228,123,1,96,3,5,5,36
6/6/2024 17:45,28,76,206,233,113,1,102,3,4,4,54
6/6/2024 17:50,28,77,205,236,103,4,105,3,4,4,54
6/6/2024 17:55,28,75,204,229,90,0,103,3,4,4,54
6/6/2024 18:00,28,76,206,232,79,0,101,3,3,4,41
6/6/2024 18:05,28,75,205,227,71,0,97,3,3,3,38
6/6/2024 18:10,27,76,210,242,62,4,98,3,3,4,35
6/6/2024 18:15,27,75,207,229,54,0,94,3,4,4,31
6/6/2024 18:20,27,75,206,229,45,0,94,3,3,3,34
6/6/2024 18:25,27,75,206,230,38,0,95,3,3,3,38
6/6/2024 18:30,27,75,205,230,30,1,94,3,3,3,41
6/6/2024 18:35,27,75,207,236,23,8,91,3,3,3,32
6/6/2024 18:40,27,76,204,230,17,0,97,3,4,4,42
6/6/2024 18:45,27,77,206,235,9,1,102,3,4,4,57
6/6/2024 18:50,27,75,209,235,6,0,89,3,4,4,24
6/6/2024 18:55,27,75,205,227,6,0,92,3,4,4,29
6/6/2024 19:00,27,76,208,236,6,0,90,3,4,4,31
6/6/2024 19:05,27,76,205,221,5,1,94,3,5,5,41
6/6/2024 19:10,27,76,206,230,6,0,94,3,4,4,45
6/6/2024 19:15,27,77,205,241,6,1,100,3,5,5,53
6/6/2024 19:20,27,76,205,227,6,4,100,3,4,4,53
6/6/2024 19:25,27,76,206,241,6,4,98,3,4,4,48
6/6/2024 19:30,27,75,206,238,5,0,90,3,4,4,31
6/6/2024 19:35,27,76,207,239,5,1,89,3,4,4,30
6/6/2024 19:40,27,76,205,237,6,1,93,3,4,4,38
6/6/2024 19:45,27,75,208,240,6,1,85,2,5,5,24
6/6/2024 19:50,27,76,206,232,6,0,85,2,5,5,26
6/6/2024 19:55,27,76,208,309,6,0,85,2,5,5,28
6/6/2024 20:00,27,76,207,239,6,1,88,3,5,5,33
6/6/2024 20:05,27,77,205,240,6,1,87,2,4,4,29
6/6/2024 20:10,27,76,207,236,6,1,86,2,4,4,29
6/6/2024 20:15,27,77,208,241,7,0,91,3,4,4,36
6/6/2024 20:20,27,77,207,236,6,0,88,2,6,6,33
6/6/2024 20:25,27,77,206,235,6,1,86,2,6,6,28
6/6/2024 20:30,27,77,210,244,5,1,91,3,7,7,37
6/6/2024 20:35,27,77,206,232,5,1,88,2,6,6,33
6/6/2024 20:40,27,77,207,233,5,1,91,3,7,7,38
6/6/2024 20:45,27,78,205,228,5,1,98,3,6,6,47
6/6/2024 20:50,27,76,206,229,5,0,89,2,6,6,24
6/6/2024 20:55,27,76,207,230,4,21,87,2,6,6,25
6/6/2024 21:00,27,75,207,240,6,0,88,2,6,6,36
6/6/2024 21:05,27,77,207,230,5,0,93,2,7,7,32
6/6/2024 21:10,27,77,207,253,6,4,98,3,7,7,47
6/6/2024 21:15,27,76,212,265,7,0,88,2,8,8,21
6/6/2024 21:20,27,77,208,241,5,4,91,2,8,8,30
6/6/2024 21:25,27,77,211,243,6,0,89,2,39,39,39
6/6/2024 21:30,26,76,204,226,5,1,83,2,28,28,32
6/6/2024 21:35,26,75,206,238,5,0,79,2,12,12,22
6/6/2024 21:40,26,76,206,241,6,0,83,2,42,42,58
6/6/2024 21:45,26,76,208,234,6,0,83,2,26,26,39
6/6/2024 21:50,26,77,206,232,6,1,86,2,26,26,34
6/6/2024 21:55,26,76,207,237,6,1,82,2,26,26,30
6/6/2024 22:00,26,76,204,233,6,1,88,2,21,21,38
6/6/2024 22:05,26,77,204,231,6,0,93,2,17,17,54
6/6/2024 22:10,26,76,207,232,6,4,87,2,25,25,32
6/6/2024 22:15,26,76,205,227,5,1,85,2,13,13,28
6/6/2024 22:20,26,76,207,237,6,1,86,2,40,40,29
6/6/2024 22:25,26,75,207,232,5,4,86,2,18,18,38
6/6/2024 22:30,26,76,205,226,6,1,82,2,21,21,46
6/6/2024 22:35,26,77,208,258,5,1,91,2,12,12,53
6/6/2024 22:40,26,76,209,254,5,1,87,2,12,12,36
6/6/2024 22:45,26,77,206,230,5,1,87,2,8,8,40
6/6/2024 22:50,26,78,205,236,6,0,94,2,14,14,56
6/6/2024 22:55,26,77,207,229,6,1,91,2,14,14,39
6/6/2024 23:00,26,76,206,223,5,0,87,2,9,9,34
6/6/2024 23:05,26,76,205,234,5,0,84,2,41,41,34
6/6/2024 23:10,26,77,206,236,6,1,91,2,17,17,52
6/6/2024 23:15,26,77,207,239,6,0,93,2,10,10,55
6/6/2024 23:20,26,78,211,292,6,1,94,2,7,7,53
6/6/2024 23:25,26,77,212,252,6,1,88,2,4,4,35
6/6/2024 23:30,26,76,205,242,6,1,89,2,14,14,39
6/7/2024 11:09,27,86,183,416,550,4,141,5,5,5,99
6/7/2024 11:14,27,86,181,213,536,40,140,4,9,9,113
6/7/2024 11:19,27,81,181,186,509,17,138,4,2,2,103
6/7/2024 11:24,28,81,180,187,703,0,145,3,2,2,102
6/7/2024 11:29,28,81,181,191,702,4,173,3,2,2,114
6/7/2024 11:34,28,78,184,194,701,4,138,3,1,1,88
6/7/2024 11:39,29,76,187,244,697,0,151,3,2,2,117
6/7/2024 11:44,29,77,181,211,702,1,162,3,2,2,89
6/7/2024 11:49,29,73,181,187,702,4,140,3,2,2,53
6/7/2024 11:54,29,73,182,188,703,1,138,3,2,2,118
6/7/2024 11:59,29,74,183,201,702,0,159,3,2,2,288
6/7/2024 12:04,29,75,183,190,702,21,172,3,2,2,308
6/7/2024 12:09,29,72,184,193,703,0,130,3,2,2,54
6/7/2024 12:14,30,72,184,194,702,11,154,3,2,2,158
6/7/2024 12:19,30,72,185,193,702,4,132,3,3,3,86
6/7/2024 12:24,30,72,189,216,702,0,145,3,2,2,167
6/7/2024 12:29,30,73,196,247,702,4,162,3,3,3,236
6/7/2024 12:34,30,70,199,237,702,0,130,3,3,3,63
6/7/2024 12:39,30,72,194,241,702,0,142,3,3,3,87
6/7/2024 12:44,30,73,188,198,702,4,188,3,3,3,313
6/7/2024 12:49,30,73,189,205,702,14,165,3,3,3,161
6/7/2024 12:54,30,74,190,202,702,0,186,3,2,2,267
6/7/2024 12:59,30,71,194,223,702,4,142,3,2,2,71
6/7/2024 13:04,30,70,192,206,701,1,128,3,2,2,47
6/7/2024 13:09,30,71,197,226,702,21,153,3,2,2,156
6/7/2024 13:14,30,70,192,209,702,0,145,3,3,3,88
6/7/2024 13:19,30,72,192,208,700,14,168,3,3,3,173
6/7/2024 13:24,30,73,192,205,701,11,168,3,3,3,209
6/7/2024 13:29,31,72,193,210,701,17,165,3,2,2,191
6/7/2024 13:34,31,71,193,213,701,4,156,3,3,3,90
6/7/2024 13:39,31,72,199,219,451,0,187,3,2,2,243
6/7/2024 13:44,31,72,197,213,199,4,171,3,3,3,225
6/7/2024 13:49,31,72,214,270,332,0,159,3,6,6,200
6/7/2024 13:54,31,68,200,259,446,4,144,3,4,4,90
6/7/2024 13:59,31,71,198,214,460,0,153,3,3,3,162
6/7/2024 14:04,31,69,197,216,514,8,154,3,2,2,93
6/7/2024 14:09,31,70,196,219,672,4,164,3,2,2,157
6/7/2024 14:14,31,71,196,208,581,4,170,3,2,2,236
6/7/2024 14:15,31,71,196,209,566,17,166,3,2,2,196
6/7/2024 14:20,31,70,196,215,425,14,154,3,2,2,125
6/7/2024 14:25,31,72,202,227,402,0,169,3,3,3,237
6/7/2024 14:30,31,73,197,209,569,0,192,3,4,4,349
6/7/2024 14:35,30,73,197,212,627,21,183,3,2,2,300
6/7/2024 14:40,30,73,198,249,635,1,179,3,2,2,270
6/7/2024 14:45,31,73,197,216,614,1,188,3,3,3,167
6/7/2024 14:50,31,72,198,219,556,4,173,3,4,4,231
6/7/2024 14:55,31,73,199,218,533,0,186,3,3,3,289
6/7/2024 15:00,31,73,198,221,495,8,186,3,2,2,303
6/7/2024 15:05,31,72,199,217,587,0,174,3,2,2,184
6/7/2024 15:10,31,72,206,234,624,0,169,3,2,2,170
6/7/2024 15:15,31,71,200,223,586,17,171,3,2,2,159
6/7/2024 15:20,31,73,200,216,615,0,191,3,2,2,159
6/7/2024 15:25,31,73,200,226,701,1,161,3,3,3,117
6/7/2024 15:30,31,73,200,236,702,4,170,3,1,1,162
6/7/2024 15:35,31,69,201,225,702,0,158,3,2,2,76
6/7/2024 15:40,31,70,201,233,702,8,164,3,1,1,48
6/7/2024 15:45,31,69,200,220,702,1,148,3,7,7,87
6/7/2024 15:50,31,70,205,234,701,1,173,3,6,6,91
6/7/2024 15:55,31,71,206,229,646,0,189,3,23,23,296
6/7/2024 16:00,31,68,201,219,451,0,138,3,14,14,76
6/7/2024 16:05,31,70,202,220,345,0,160,3,3,3,119
6/7/2024 16:10,31,68,201,225,336,1,141,3,5,5,65
6/7/2024 16:15,31,71,203,221,287,11,174,3,19,19,301
6/7/2024 16:20,31,71,203,225,242,14,167,3,4,4,156
6/7/2024 16:25,31,71,203,225,235,0,166,3,3,3,166
6/7/2024 16:30,31,72,202,223,261,8,187,3,3,3,302
6/7/2024 16:35,31,73,202,222,316,1,180,3,2,2,232
6/7/2024 16:40,31,71,205,293,409,0,149,3,59,59,133
6/7/2024 16:45,31,72,218,288,463,0,158,3,7,7,156
6/7/2024 16:50,31,72,207,239,436,1,160,3,5,5,120
6/7/2024 16:55,31,70,203,221,446,1,150,3,4,4,78
6/7/2024 17:00,31,72,204,232,395,4,162,3,3,3,162
6/7/2024 17:05,31,72,204,229,318,0,169,3,2,2,157
6/7/2024 17:10,31,74,205,228,259,4,182,3,3,3,246
6/7/2024 17:15,31,73,205,232,222,4,183,3,3,3,195
6/7/2024 17:20,31,73,205,243,226,1,187,3,3,3,282
6/7/2024 17:25,31,73,205,240,259,1,183,3,3,3,240
6/7/2024 17:30,31,73,205,237,278,4,180,3,2,2,247
6/7/2024 17:35,31,73,203,224,267,17,171,3,3,3,185
6/7/2024 17:40,31,74,204,223,250,1,183,3,3,3,251
6/7/2024 17:45,31,73,204,224,224,0,175,3,2,2,197
6/7/2024 17:50,30,74,204,226,206,8,181,3,3,3,232
6/7/2024 17:55,30,74,207,234,215,0,175,3,2,2,177
6/7/2024 18:00,30,74,205,231,190,0,174,3,3,3,170
6/7/2024 18:05,30,75,208,234,172,1,185,3,2,2,251
6/7/2024 18:10,30,75,205,236,153,1,183,3,2,2,237
6/7/2024 18:15,30,75,204,230,127,0,177,3,3,3,167
6/7/2024 18:20,30,75,207,234,124,1,178,3,2,2,175
6/7/2024 18:25,30,74,207,236,89,11,166,3,3,3,134
6/7/2024 18:30,30,74,206,233,65,0,158,3,3,3,115
6/7/2024 18:35,30,74,206,267,50,11,155,3,3,3,106
6/7/2024 18:40,30,74,205,231,34,0,158,3,3,3,118
6/7/2024 19:13,28,80,196,217,6,4,131,3,4,4,98
6/7/2024 19:18,28,80,197,249,5,8,137,3,3,3,104
6/7/2024 19:23,28,80,198,210,6,4,135,3,4,4,102
6/7/2024 19:28,28,80,199,222,6,0,148,3,3,3,114
6/7/2024 19:33,29,79,203,295,5,0,149,3,3,3,108
6/7/2024 19:38,29,78,200,236,6,0,143,3,3,4,103
6/7/2024 19:43,29,77,202,298,6,0,136,3,3,3,93
6/7/2024 19:48,29,77,201,216,6,0,140,3,4,4,106
6/7/2024 19:53,29,77,201,256,6,1,140,3,3,3,94
6/7/2024 19:58,29,77,201,220,6,0,134,3,3,3,79
6/7/2024 20:03,29,76,202,254,6,1,130,3,4,4,94
6/7/2024 20:08,29,77,202,234,6,4,136,3,4,4,135
6/7/2024 20:13,29,77,201,218,5,4,141,3,4,4,170
6/7/2024 20:18,29,77,203,231,6,1,144,3,3,3,196
6/7/2024 20:23,28,77,204,238,6,4,143,3,4,4,137
6/7/2024 20:28,28,77,205,228,6,0,144,3,4,4,160
6/7/2024 20:33,28,77,206,230,6,0,149,3,3,3,190
6/7/2024 20:38,28,77,205,246,6,0,144,3,3,3,135
6/7/2024 20:43,28,76,205,232,5,4,136,2,3,3,96
6/7/2024 20:48,28,76,206,235,6,4,133,2,4,4,73
6/7/2024 20:53,28,76,204,240,6,1,137,2,4,4,97
6/7/2024 20:58,28,77,205,240,5,0,140,2,3,3,139
6/7/2024 21:03,28,77,206,244,5,8,133,2,4,4,73
6/7/2024 21:08,28,76,206,229,6,0,127,2,12,12,69
6/7/2024 21:13,28,76,206,230,5,0,131,2,7,7,101
6/7/2024 21:18,28,76,208,302,6,1,128,2,6,6,77
6/7/2024 21:23,28,77,204,226,6,1,137,2,6,6,119
6/7/2024 21:28,28,76,206,234,6,1,136,2,5,5,118
6/7/2024 21:33,28,76,205,224,6,0,123,2,5,5,34
6/7/2024 21:38,28,77,205,233,6,0,135,2,6,6,102
6/7/2024 21:43,28,77,205,231,6,0,136,2,6,6,87
6/7/2024 21:48,28,77,206,226,6,0,139,2,6,6,118
6/7/2024 21:53,28,77,206,227,5,1,137,2,5,5,94
6/7/2024 21:58,28,76,205,242,6,1,131,2,6,6,66
6/7/2024 22:03,28,77,205,229,6,0,140,2,6,6,110
6/7/2024 22:08,28,78,204,238,5,1,141,2,6,6,114
6/7/2024 22:13,28,77,206,227,6,1,136,2,6,6,81
6/7/2024 22:18,28,77,205,234,5,0,135,2,5,5,81
6/7/2024 22:23,28,77,209,239,6,1,138,2,5,5,112
6/7/2024 22:28,28,76,210,247,6,1,126,2,5,5,46
6/7/2024 22:33,28,77,209,297,6,4,134,2,5,5,70
6/7/2024 22:38,28,77,207,235,6,1,137,2,5,5,97
6/7/2024 22:43,27,77,206,234,6,0,135,2,5,5,80
6/7/2024 22:48,27,77,205,232,6,1,131,2,4,4,60
6/7/2024 22:53,27,77,208,230,6,0,131,2,5,5,70
6/7/2024 22:58,27,77,206,234,5,0,130,2,6,6,58
6/7/2024 23:03,27,77,205,228,6,0,133,2,5,5,83
6/7/2024 23:08,27,77,206,240,6,0,134,2,5,5,80
6/7/2024 23:13,27,77,209,246,6,1,132,2,5,5,66
6/7/2024 23:18,27,77,208,237,6,0,135,2,6,6,90
6/7/2024 23:23,27,77,206,251,6,0,131,2,6,6,62
6/7/2024 23:27,27,77,206,241,6,0,131,2,7,7,77
6/7/2024 23:33,27,77,204,224,6,0,130,2,6,6,72
6/7/2024 23:38,27,77,206,245,6,1,130,2,5,5,59
6/7/2024 23:43,27,77,206,253,6,1,131,2,5,5,82
6/7/2024 23:47,27,76,207,246,6,1,130,2,6,6,66
6/7/2024 23:53,27,77,207,244,5,0,130,2,6,6,59
6/7/2024 23:58,27,77,207,239,5,4,128,2,6,6,49
6/8/2024 0:03,27,77,206,237,6,1,127,2,5,5,49
6/8/2024 0:18,27,77,206,232,6,0,125,2,6,6,55
6/8/2024 0:23,27,78,206,225,5,1,125,2,6,6,46
6/8/2024 0:28,27,78,207,230,6,0,126,2,6,6,63
6/8/2024 0:33,27,78,205,233,6,1,129,2,6,6,70
6/8/2024 0:38,27,78,205,227,5,0,128,2,6,6,70
6/8/2024 0:43,27,78,208,230,6,0,128,2,6,6,61
6/8/2024 0:48,27,78,208,236,6,1,132,2,7,7,92
6/8/2024 0:53,27,78,207,245,5,0,129,2,6,6,75
6/8/2024 0:58,27,78,207,234,6,1,128,2,6,6,69
6/8/2024 1:03,27,79,206,231,5,0,132,2,7,7,84
6/8/2024 1:08,27,79,208,232,5,1,136,2,7,7,102
6/8/2024 1:13,27,79,205,236,6,0,134,2,7,7,77
6/8/2024 1:18,27,79,205,229,5,1,130,2,6,6,66
6/8/2024 1:23,27,78,204,222,6,1,130,2,7,7,67
6/8/2024 1:28,27,78,207,233,6,0,128,2,8,8,62
6/8/2024 1:33,27,79,204,234,6,1,131,2,7,7,77
6/8/2024 1:38,27,79,208,247,5,1,126,2,7,7,56
6/8/2024 1:43,27,79,206,232,6,0,130,2,7,7,68
6/8/2024 1:48,27,79,206,228,5,1,132,2,7,7,72
6/8/2024 1:53,27,78,206,235,6,0,128,2,7,7,62
6/8/2024 1:58,27,78,207,229,5,1,127,2,6,6,60
6/8/2024 2:02,27,78,207,230,6,1,118,2,6,6,32
6/8/2024 2:08,27,79,206,233,6,0,129,2,7,7,80
6/8/2024 2:12,27,79,206,225,6,0,141,2,6,6,156
6/8/2024 2:17,27,78,207,238,6,1,132,2,7,7,75
6/8/2024 2:22,27,78,207,242,6,0,128,2,7,7,59
6/8/2024 2:27,27,79,207,233,5,1,128,2,7,7,62
6/8/2024 2:32,27,79,204,231,6,0,130,2,8,8,93
6/8/2024 2:37,27,79,205,228,5,0,140,2,7,7,134
6/8/2024 2:42,27,79,207,229,6,0,134,2,8,8,104
6/8/2024 2:47,27,79,206,237,6,0,133,2,7,7,80
6/8/2024 2:52,27,79,205,225,8,0,134,2,7,7,85
6/8/2024 2:57,27,79,206,235,5,0,135,2,7,7,94
6/8/2024 3:02,27,79,208,240,6,1,129,2,6,6,61
6/8/2024 3:07,27,79,207,227,5,1,132,2,6,6,86
6/8/2024 3:12,27,79,204,230,6,0,132,2,7,7,98
6/8/2024 3:17,27,78,205,233,6,1,118,2,6,6,25
6/8/2024 3:22,28,79,206,239,6,0,125,2,7,7,43
6/8/2024 3:27,28,79,207,239,5,0,130,2,6,6,85
6/8/2024 3:32,28,79,206,239,6,4,130,2,6,6,91
6/8/2024 3:37,28,79,207,252,6,0,121,2,6,6,38
6/8/2024 3:42,28,79,206,241,6,1,116,2,6,6,33
6/8/2024 3:47,28,79,210,263,6,1,118,2,7,7,44
6/8/2024 3:52,28,79,209,248,6,0,123,2,7,7,73
6/8/2024 3:57,28,79,205,223,7,1,116,2,7,7,38
6/8/2024 4:02,28,79,207,231,5,1,117,2,7,7,39
6/8/2024 4:07,28,79,209,237,5,1,122,2,7,7,69
6/8/2024 4:12,28,79,210,250,5,0,123,2,7,7,70
6/8/2024 4:17,28,79,208,233,6,0,123,2,7,7,71
6/8/2024 4:22,28,79,205,228,6,0,126,2,8,8,94
6/8/2024 4:27,28,78,210,240,6,1,112,2,7,7,30
6/8/2024 4:32,28,79,212,247,6,4,128,2,7,7,127
6/8/2024 4:37,28,78,208,237,6,1,129,2,7,7,102
6/8/2024 4:42,28,78,209,244,5,0,123,2,7,7,53
6/8/2024 4:47,27,78,209,239,5,1,125,2,7,7,72
6/8/2024 4:52,27,78,209,249,6,0,121,2,7,7,51
6/8/2024 4:57,27,78,210,239,6,1,129,2,6,6,93
6/8/2024 5:02,27,78,207,241,5,1,128,2,6,6,72
6/8/2024 5:07,27,77,208,245,6,1,125,2,6,6,67
6/8/2024 5:12,27,77,206,232,5,0,122,2,6,6,52
6/8/2024 7:50,24,95,185,208,240,8,110,4,8,8,78
6/8/2024 7:55,24,95,191,213,249,4,120,3,7,7,74
6/8/2024 8:00,25,92,188,204,274,0,123,3,9,9,96
6/8/2024 8:05,26,90,189,200,256,0,128,3,12,12,117
6/8/2024 8:10,26,88,190,208,321,1,132,3,19,19,111
6/8/2024 8:15,26,87,195,302,349,0,137,3,25,25,106
6/8/2024 8:20,27,86,193,265,423,4,145,3,26,26,106
6/8/2024 8:25,27,85,193,217,560,0,127,3,40,40,92
6/8/2024 8:30,27,84,198,250,374,1,120,2,51,51,142
6/8/2024 8:35,27,83,205,291,396,8,107,2,58,58,64
6/8/2024 8:40,28,83,194,207,389,4,121,2,56,56,141
6/8/2024 8:45,28,83,195,211,421,0,132,3,54,54,164
6/8/2024 8:50,28,82,196,215,441,4,130,3,50,50,128
6/8/2024 8:55,28,82,198,305,456,0,133,3,51,51,144
6/8/2024 9:00,28,81,197,274,495,4,118,2,53,53,81
6/8/2024 9:05,28,81,197,213,636,4,137,3,50,50,168
6/8/2024 9:10,29,80,198,218,489,4,146,3,51,52,100
6/8/2024 9:15,29,79,197,212,386,1,127,3,45,47,23
6/8/2024 9:20,29,79,198,215,306,1,137,3,47,49,45
6/8/2024 9:25,29,79,201,303,322,8,137,3,47,48,32
6/8/2024 9:30,29,78,204,228,357,0,131,2,47,48,26
6/8/2024 9:35,29,78,207,264,386,1,126,2,45,46,20
6/8/2024 9:40,29,78,201,225,421,0,134,2,46,47,30
6/8/2024 9:45,29,78,207,249,481,0,138,3,42,44,56
6/8/2024 9:50,29,78,200,218,614,4,142,3,37,38,58
6/8/2024 9:55,29,78,199,217,592,1,144,3,37,39,22
6/8/2024 10:00,29,77,202,235,477,1,127,2,39,40,16
6/8/2024 10:05,29,77,202,285,486,14,111,2,33,34,15
6/8/2024 10:10,29,74,203,231,196,0,89,2,19,20,10
6/8/2024 10:15,29,70,206,304,188,0,89,2,6,6,6
6/8/2024 10:20,29,70,202,230,160,4,94,2,3,3,6
6/8/2024 10:25,29,72,208,306,135,0,103,2,4,4,6
6/8/2024 10:30,29,72,204,307,144,0,104,2,3,3,7
6/8/2024 10:35,28,72,209,294,158,8,116,2,3,3,7
6/8/2024 10:40,28,72,207,295,145,1,110,2,2,2,6
6/8/2024 10:45,28,73,205,241,138,0,114,2,2,2,6
6/8/2024 10:50,28,73,205,273,158,0,93,2,7,8,7
6/8/2024 10:55,28,74,203,228,170,0,92,2,3,3,25
6/8/2024 11:00,27,75,203,225,188,0,93,2,18,18,26
6/8/2024 11:05,27,76,211,359,214,1,98,2,11,11,22
6/8/2024 11:10,27,76,206,291,249,0,93,2,4,4,17
6/8/2024 11:15,27,75,207,257,309,0,80,2,3,3,11
6/8/2024 11:20,27,77,203,228,402,1,103,2,3,3,12
6/8/2024 11:25,27,78,205,226,530,0,105,2,3,4,11
6/8/2024 11:30,27,79,206,244,652,0,107,2,3,4,16
6/8/2024 11:35,27,79,209,242,702,0,112,2,3,3,15
6/8/2024 11:40,27,79,204,227,702,0,110,2,3,3,17
6/8/2024 11:45,27,79,204,238,702,1,121,2,3,3,22
6/8/2024 11:50,27,78,207,248,702,0,117,2,6,6,18
6/8/2024 11:55,27,78,208,237,702,0,120,2,4,4,16
6/8/2024 11:55,27,78,208,237,702,0,120,2,4,4,16
6/8/2024 11:55,27,78,208,237,702,0,120,2,4,4,16
6/8/2024 12:00,27,77,207,239,702,4,113,2,5,5,16
6/8/2024 12:05,27,78,205,224,702,0,101,2,10,10,39
6/8/2024 12:10,28,77,206,231,702,0,100,2,4,4,29
6/8/2024 12:15,28,79,205,240,702,0,119,2,6,6,52
6/8/2024 12:20,28,79,206,236,702,11,112,2,11,11,52
6/8/2024 12:25,28,80,207,232,702,0,124,2,6,6,46
6/8/2024 12:30,29,80,211,242,702,1,141,2,6,6,89
6/8/2024 12:35,29,78,213,335,701,0,153,3,4,4,59
6/8/2024 12:40,29,74,211,253,702,4,129,2,5,5,19
6/8/2024 12:45,30,74,206,233,701,4,140,3,5,5,33
6/8/2024 12:50,30,72,208,238,702,1,148,3,5,5,22
6/8/2024 12:55,30,73,210,390,701,0,158,3,5,5,61
6/8/2024 13:00,30,70,208,247,701,0,128,2,6,6,23
6/8/2024 13:05,31,69,209,240,701,4,142,2,6,6,38
6/8/2024 13:10,31,69,207,230,701,0,138,2,6,6,30
6/8/2024 13:15,31,69,208,234,701,1,137,3,42,42,85
6/8/2024 13:20,31,71,209,242,614,1,153,3,24,24,242
6/8/2024 13:25,31,71,212,244,517,0,141,3,8,8,99
6/8/2024 13:30,31,72,207,228,529,1,140,3,7,7,80
6/8/2024 13:34,31,71,207,232,702,0,135,2,8,8,60
6/8/2024 13:39,31,73,209,241,702,4,162,3,8,8,95
6/8/2024 13:45,31,72,210,247,701,11,174,3,7,7,152
6/8/2024 13:49,31,73,210,259,701,0,144,3,7,7,44
6/8/2024 13:54,31,70,210,278,701,4,126,2,6,6,27
6/8/2024 13:59,31,67,208,235,701,0,140,3,8,8,23
6/8/2024 14:04,31,69,218,278,702,4,181,3,29,45,22
6/8/2024 14:09,31,69,210,240,701,4,194,3,11,13,50
6/8/2024 14:14,32,72,210,251,701,0,169,3,8,8,234
6/8/2024 14:19,32,70,210,245,701,4,201,3,17,22,264
6/8/2024 14:24,32,71,238,302,421,0,191,3,76,135,84
6/8/2024 14:29,32,69,225,288,128,8,174,3,19,26,36
6/8/2024 14:34,32,67,219,281,224,0,141,3,10,12,13
6/8/2024 14:39,31,66,216,285,342,0,134,2,8,11,26
6/8/2024 14:44,31,68,220,280,701,0,127,2,7,8,18
6/8/2024 14:49,31,67,214,276,701,1,116,2,9,11,17
6/8/2024 14:54,31,68,212,285,702,1,104,2,11,16,18
6/8/2024 14:59,31,66,214,249,702,1,96,2,6,7,22
6/8/2024 15:02,31,67,211,263,701,0,93,2,5,6,22
6/8/2024 15:07,31,67,208,247,701,0,94,2,4,5,24
6/8/2024 15:12,31,67,213,298,701,4,89,2,5,5,26
6/8/2024 15:17,31,69,213,320,701,0,90,2,3,3,30
6/8/2024 15:22,31,68,213,245,701,0,90,2,4,4,28
6/8/2024 15:27,31,68,213,241,702,0,90,2,4,4,31
6/8/2024 15:32,31,67,210,238,701,1,89,2,3,3,33
6/8/2024 15:37,31,67,215,248,701,1,89,2,4,4,34
6/8/2024 15:42,31,67,216,248,701,1,86,2,4,4,33
6/8/2024 15:47,31,65,217,283,702,0,81,2,13,13,38
6/8/2024 15:52,31,66,208,234,701,1,77,2,4,4,45
6/8/2024 15:57,31,67,213,251,701,0,75,2,4,4,44
6/8/2024 16:02,30,67,212,264,635,0,76,2,4,4,44
6/8/2024 16:07,30,67,213,370,656,0,73,2,4,4,47
6/8/2024 16:12,30,69,212,246,623,0,74,2,3,3,49
6/8/2024 16:17,30,67,211,252,587,0,70,2,3,3,44
6/8/2024 16:22,30,69,212,255,570,0,70,2,4,4,46
6/8/2024 16:27,30,68,213,266,549,0,69,2,3,3,48
6/8/2024 16:32,30,67,217,262,553,1,68,2,4,4,46
6/8/2024 16:37,30,67,215,240,542,1,67,2,4,4,45
6/8/2024 16:42,30,66,213,310,513,4,65,2,4,4,43
6/8/2024 16:47,30,66,214,255,502,0,63,2,4,4,41
6/8/2024 16:52,30,67,210,307,429,0,63,2,4,4,42
6/8/2024 16:57,29,66,209,257,355,0,62,2,4,4,41
6/8/2024 17:02,29,68,209,229,302,0,62,2,4,4,42
6/8/2024 17:07,29,68,210,248,265,0,61,2,4,5,43
6/8/2024 17:12,29,68,208,235,245,0,62,2,3,4,45
6/8/2024 17:17,29,69,209,231,234,1,61,2,3,4,46
6/8/2024 17:22,29,69,210,262,217,1,61,2,4,4,44
6/8/2024 17:27,29,68,213,242,196,1,62,2,4,4,44
6/8/2024 17:32,29,70,220,261,173,1,61,2,4,4,43
6/8/2024 17:37,29,70,211,238,164,1,60,2,5,5,42
6/8/2024 17:42,29,70,212,248,159,0,60,1,7,7,49
6/8/2024 17:47,29,70,212,254,150,0,58,1,11,11,51
6/8/2024 17:52,29,70,212,247,138,0,57,1,8,8,52
6/8/2024 17:57,29,71,211,242,123,0,56,1,9,9,57
6/8/2024 18:02,29,71,212,249,108,0,56,1,5,5,55
6/8/2024 18:07,29,72,211,242,96,0,59,1,4,4,59
6/8/2024 18:12,29,72,212,247,86,1,58,1,11,11,123
6/8/2024 18:17,29,72,211,258,76,0,56,1,4,4,116
6/8/2024 18:22,28,73,212,243,64,1,58,1,5,5,77
6/8/2024 18:27,28,73,213,239,54,0,58,1,4,4,57
6/8/2024 18:32,28,73,209,242,45,0,57,1,4,4,46
6/8/2024 18:37,28,73,211,250,34,1,57,1,4,4,48
6/8/2024 18:42,28,73,213,290,22,0,56,1,4,4,42
6/8/2024 18:47,28,73,210,244,17,0,55,1,4,4,40
6/8/2024 18:52,28,73,211,241,6,0,55,1,4,4,40
6/8/2024 18:57,28,73,211,241,5,0,54,1,4,4,39
6/8/2024 19:02,28,73,209,246,7,4,53,1,4,4,39
6/8/2024 19:07,28,74,210,241,5,1,53,1,4,4,40
6/8/2024 19:12,28,73,209,249,6,0,52,1,4,4,41
6/8/2024 19:17,28,74,210,253,6,0,52,1,4,4,43
6/8/2024 19:22,28,74,210,239,6,0,52,1,5,5,43
6/8/2024 19:27,28,74,210,241,5,4,52,1,5,5,43
6/8/2024 19:32,28,74,212,250,6,0,52,1,227,227,298
6/8/2024 19:37,28,75,211,247,5,0,54,1,31,31,215
6/8/2024 19:42,28,75,213,250,6,0,52,1,15,15,84
6/8/2024 19:47,28,75,209,242,5,1,51,1,7,7,74
6/8/2024 19:52,28,75,210,237,6,0,51,1,6,6,58
6/8/2024 19:57,28,75,211,243,6,0,50,1,10,10,76
6/8/2024 20:02,28,75,213,247,6,0,50,1,7,7,54
6/8/2024 20:07,28,75,215,271,6,0,50,1,6,6,51
6/8/2024 20:12,28,75,219,272,6,0,51,1,6,6,50
6/8/2024 20:17,28,75,221,273,6,0,52,1,5,5,51
6/8/2024 20:22,28,75,215,295,6,0,51,1,16,16,46
6/8/2024 20:27,28,75,214,250,5,0,51,1,61,61,118
6/8/2024 20:32,28,76,215,264,6,0,51,1,22,22,92
6/8/2024 20:37,28,75,215,261,5,0,51,1,11,11,60
6/8/2024 20:42,28,75,214,249,6,0,50,1,11,11,54
6/8/2024 20:47,28,75,212,236,6,0,50,1,8,8,53
6/8/2024 20:52,28,75,215,259,5,0,49,1,7,7,50
6/8/2024 20:57,28,75,216,257,5,0,51,1,9,9,51
6/8/2024 21:02,28,75,214,246,5,0,50,1,7,7,53
6/8/2024 21:07,28,76,211,249,5,0,50,1,7,7,50
6/8/2024 21:12,28,75,210,239,5,0,49,1,8,8,48
6/8/2024 21:17,28,75,211,238,5,0,49,1,6,6,44
6/8/2024 21:22,28,75,213,243,6,0,49,1,6,6,42
6/8/2024 21:27,28,76,217,266,5,0,49,1,6,6,42
6/8/2024 21:32,28,75,217,252,6,0,48,1,6,6,41
6/8/2024 21:37,28,75,214,259,6,0,48,1,6,6,40
6/8/2024 21:42,28,76,211,237,5,0,48,1,6,6,41
6/8/2024 21:47,28,76,213,247,6,1,48,1,7,7,44
6/8/2024 21:52,28,76,211,239,7,0,49,1,7,7,45
6/8/2024 21:57,28,76,209,233,6,0,48,1,6,6,43
6/8/2024 22:03,28,75,212,250,6,0,48,1,6,6,40
6/8/2024 22:03,28,75,212,250,6,0,48,1,6,6,40
6/8/2024 22:07,28,76,211,261,5,0,48,1,5,5,37
6/8/2024 22:12,28,76,219,264,6,0,48,1,4,4,36
6/8/2024 22:17,28,75,213,248,6,0,47,1,5,5,34
6/8/2024 22:22,27,75,213,244,5,1,47,1,5,5,33
6/8/2024 22:27,27,75,211,238,6,0,47,1,5,5,33
6/8/2024 22:32,27,76,213,248,6,1,46,1,5,5,34
6/8/2024 22:37,27,76,214,278,6,0,47,1,5,5,34
6/8/2024 22:42,27,76,212,256,6,0,47,1,5,5,33
6/8/2024 22:47,27,76,210,239,5,0,46,1,5,5,33
6/8/2024 22:52,27,76,211,261,6,0,46,1,5,5,34
6/8/2024 22:57,27,76,210,267,6,0,46,1,5,5,36
6/8/2024 23:02,27,77,209,239,6,0,46,1,6,6,40
6/8/2024 23:07,27,76,209,237,6,0,47,1,5,5,48
6/8/2024 23:12,27,77,211,251,6,0,46,1,5,5,46
6/8/2024 23:17,27,77,214,257,6,0,47,1,6,6,43
6/8/2024 23:22,27,76,218,263,6,0,47,1,6,6,42
6/8/2024 23:27,27,76,218,253,6,0,46,1,5,5,40
6/8/2024 23:32,27,76,214,250,6,0,46,1,5,5,39
6/8/2024 23:37,27,76,213,257,6,0,46,1,5,5,39
6/8/2024 23:42,27,76,209,243,6,0,46,1,6,6,40
6/8/2024 23:47,27,76,210,245,6,0,46,1,5,5,40
6/8/2024 23:52,27,77,214,261,6,0,46,1,5,5,41
6/8/2024 23:57,27,77,213,248,6,0,46,1,6,6,42
6/9/2024 0:02,27,77,209,238,5,0,47,1,5,5,43
6/9/2024 0:07,28,77,208,241,5,0,46,1,5,5,43
6/9/2024 0:12,28,77,212,250,6,0,47,1,5,5,44
6/9/2024 0:17,28,77,215,249,5,1,46,1,5,5,44
6/9/2024 0:22,28,76,216,273,6,0,46,1,6,6,44
6/9/2024 0:27,28,77,216,267,5,0,46,1,6,6,44
6/9/2024 0:32,28,77,213,247,7,0,46,1,6,6,45
6/9/2024 0:37,28,77,211,249,5,0,45,1,6,6,45
6/9/2024 0:42,28,76,216,250,6,0,45,1,6,6,46
6/9/2024 0:47,28,76,211,243,6,0,45,1,6,6,46
6/9/2024 0:52,28,77,212,243,6,0,45,1,6,6,45
6/9/2024 0:57,28,77,213,235,6,0,45,1,6,6,45
6/9/2024 1:02,27,76,215,248,6,0,45,1,6,6,46
6/9/2024 1:07,27,76,215,251,5,0,45,1,6,6,46
6/9/2024 1:12,27,76,213,270,6,0,45,1,6,6,46
6/9/2024 1:17,27,77,211,245,6,0,45,1,6,6,46
6/9/2024 1:22,27,77,216,257,6,0,45,1,7,7,45
6/9/2024 1:27,27,76,218,262,5,0,45,1,6,6,45
6/9/2024 1:32,27,76,211,260,5,0,44,1,6,6,43
6/9/2024 1:37,27,76,217,256,6,0,44,1,7,7,42
6/9/2024 1:42,27,76,216,251,6,1,44,1,5,5,41
6/9/2024 1:47,27,76,212,242,6,0,44,1,6,6,41
6/9/2024 1:52,27,76,215,259,6,0,44,1,7,7,41
6/9/2024 1:57,27,77,211,266,5,1,44,1,6,6,41
6/9/2024 2:02,27,77,216,244,6,0,44,1,6,6,41
6/9/2024 2:07,27,77,216,264,5,0,44,1,6,6,40
6/9/2024 2:12,27,76,217,248,6,0,44,1,5,5,40
6/9/2024 2:17,27,76,213,257,6,0,44,1,6,6,39
6/9/2024 2:22,27,76,210,241,6,0,44,1,5,5,38
6/9/2024 2:27,27,76,211,246,6,0,44,1,5,5,38
6/9/2024 2:32,27,76,216,254,6,0,44,1,5,5,39
6/9/2024 2:37,27,76,215,278,5,0,44,1,6,6,38
6/9/2024 2:42,27,76,210,253,5,0,44,1,5,5,38
6/9/2024 2:47,27,76,213,254,5,0,44,1,5,5,38
6/9/2024 2:52,27,76,216,255,6,1,44,1,5,5,38
6/9/2024 2:57,27,77,219,282,6,0,44,1,6,6,38
6/9/2024 3:02,27,76,214,252,5,0,44,1,6,6,38
6/9/2024 3:07,27,76,217,267,6,0,43,1,6,6,39
6/9/2024 3:12,27,76,209,234,5,0,43,1,7,7,39
6/9/2024 3:17,27,76,209,234,6,0,43,1,6,6,40
6/9/2024 3:22,27,77,209,247,6,0,43,1,7,7,40
6/9/2024 3:27,27,76,211,241,6,0,43,1,6,7,39
6/9/2024 3:32,27,76,216,274,6,0,43,1,6,7,39
6/9/2024 3:37,27,77,211,242,6,0,43,1,6,6,38
6/9/2024 3:42,27,76,211,257,6,0,43,1,5,5,37
6/9/2024 3:47,27,76,217,258,5,0,43,1,6,7,37
6/9/2024 3:52,27,77,213,243,5,0,43,1,5,6,36
6/9/2024 3:57,27,76,213,249,6,0,43,1,7,7,36
6/9/2024 4:02,27,76,216,275,6,0,43,1,6,6,36
6/9/2024 4:07,27,76,212,250,7,0,43,1,6,6,36
6/9/2024 4:12,27,76,213,259,6,0,42,1,6,6,37
6/9/2024 4:17,27,76,215,248,5,0,42,1,7,7,36
6/9/2024 4:22,27,76,212,244,4,0,42,1,5,5,37
6/9/2024 4:27,27,76,215,256,5,0,42,1,7,7,36
6/9/2024 4:32,27,76,213,258,6,0,42,1,6,6,36
6/9/2024 4:37,27,76,213,255,6,0,42,1,5,5,36
6/9/2024 4:42,27,76,217,252,6,0,42,1,5,6,36
6/9/2024 4:47,27,77,217,267,6,0,42,1,6,6,38
6/9/2024 4:52,27,77,213,249,6,0,42,1,5,6,39
6/9/2024 4:57,27,77,214,256,5,0,42,1,5,5,39
6/9/2024 5:02,27,77,212,252,6,0,42,1,5,5,38
6/9/2024 5:07,27,77,212,256,5,0,42,1,6,6,40
6/9/2024 5:12,27,77,212,253,6,0,42,1,5,5,40
6/9/2024 5:17,27,77,215,251,5,1,42,1,6,6,40
6/9/2024 5:22,27,77,209,246,4,4,42,1,6,6,40
6/9/2024 5:27,27,77,212,250,6,0,43,1,5,6,40
6/9/2024 5:32,27,77,211,241,6,0,43,1,5,5,40
6/9/2024 5:37,27,77,212,263,6,0,43,1,5,5,40
6/9/2024 5:42,27,77,213,254,6,0,43,1,6,6,41
6/9/2024 5:47,27,77,218,260,6,0,43,1,6,6,42
6/9/2024 5:52,27,77,215,268,6,0,43,1,6,6,42
6/9/2024 5:57,27,77,214,255,6,0,42,1,6,6,43
6/9/2024 6:02,27,77,213,249,5,0,42,1,6,6,45
6/9/2024 6:07,27,77,213,256,6,0,43,1,6,6,46
6/9/2024 6:12,27,77,215,252,6,0,43,1,6,6,47
6/9/2024 6:17,27,77,211,255,5,4,43,1,11,11,52
6/9/2024 6:22,27,77,211,241,6,0,43,1,7,7,51
6/9/2024 6:27,27,77,214,253,5,0,43,1,7,7,50
6/9/2024 6:32,27,77,213,262,6,0,43,1,7,7,50
6/9/2024 6:37,27,77,212,248,9,0,43,1,6,6,52
6/9/2024 6:42,27,78,212,250,14,0,43,1,6,6,52
6/9/2024 6:47,27,78,212,247,17,0,43,1,6,6,53
6/9/2024 6:52,27,78,210,237,24,0,43,1,6,6,53
6/9/2024 6:57,27,78,209,249,30,0,43,1,7,7,53
6/9/2024 7:02,27,78,212,245,36,0,43,1,9,9,73
6/9/2024 7:07,27,78,213,245,45,0,43,1,10,10,83
6/9/2024 7:12,27,78,211,237,54,0,43,1,13,13,92
6/9/2024 7:17,27,79,214,262,62,0,44,1,22,22,112
6/9/2024 7:22,27,78,214,262,80,0,44,1,14,14,108
6/9/2024 7:27,27,79,211,244,74,1,44,1,13,13,99
6/9/2024 7:28,27,79,211,244,74,1,44,1,13,13,99
6/9/2024 7:32,27,79,211,239,102,0,44,1,12,12,93
6/9/2024 7:37,27,79,214,244,150,0,44,1,11,11,100
6/9/2024 7:42,27,79,212,250,181,0,44,1,12,12,99
6/9/2024 7:47,28,79,220,313,272,1,44,1,10,10,96
6/9/2024 7:52,28,79,216,297,242,0,45,1,12,12,104
6/9/2024 7:57,28,79,215,260,289,0,45,1,10,10,102
6/9/2024 8:02,28,78,214,274,209,1,46,1,11,11,104
6/9/2024 8:07,28,78,210,244,223,0,46,1,10,10,105
6/9/2024 8:12,28,78,211,242,301,0,46,1,9,9,101
6/9/2024 8:17,28,78,215,266,252,0,47,1,10,10,103
6/9/2024 8:22,28,78,213,251,236,0,48,1,9,9,103
6/9/2024 8:27,28,77,216,266,182,0,48,1,8,8,103
6/9/2024 8:32,28,77,213,303,186,1,49,1,7,7,102
6/9/2024 8:37,28,76,219,309,138,0,48,1,7,7,101
6/9/2024 8:42,28,76,214,304,125,0,48,1,7,7,101
6/9/2024 8:47,28,76,212,235,172,0,48,1,7,7,96
6/9/2024 8:52,29,76,213,243,168,0,48,1,7,7,95
6/9/2024 8:57,29,75,212,308,183,0,48,1,8,8,95
6/9/2024 9:02,29,75,216,291,240,1,48,1,19,27,94
6/9/2024 9:07,29,76,213,243,268,1,49,1,17,22,97
6/9/2024 9:12,29,76,217,302,279,0,49,1,30,47,112
6/9/2024 9:17,29,76,211,251,384,0,50,1,17,24,115
6/9/2024 9:22,29,76,217,310,274,0,52,1,15,18,124
6/9/2024 9:27,29,76,220,274,357,27,58,2,11,11,230
6/9/2024 9:32,29,78,222,307,239,0,87,3,12,12,436
6/9/2024 9:37,29,78,224,347,320,0,83,3,11,11,453
6/9/2024 9:42,29,79,220,296,185,1,89,3,11,11,466
6/9/2024 9:47,29,78,219,267,320,1,77,3,11,11,453
6/9/2024 9:52,29,79,217,246,421,0,69,2,10,10,433
6/9/2024 9:57,29,79,214,267,344,4,64,2,9,9,376
6/9/2024 10:02,29,77,216,259,314,1,60,2,8,8,313
6/9/2024 10:07,29,78,217,264,567,0,57,2,8,8,260
6/9/2024 10:12,29,78,212,236,349,0,55,1,8,8,229
6/9/2024 10:17,29,79,210,249,279,1,56,1,8,8,242
6/9/2024 10:22,29,77,215,309,297,0,56,1,10,10,249
6/9/2024 10:27,29,78,213,263,352,0,55,1,9,9,219
6/9/2024 10:32,29,78,211,245,366,0,54,1,9,9,213
6/9/2024 10:37,29,77,216,321,335,1,53,1,9,9,185
6/9/2024 10:42,29,76,216,352,392,0,52,1,9,9,178
6/9/2024 10:47,29,77,214,288,275,0,52,1,9,9,181
6/9/2024 10:52,29,77,213,304,357,0,51,1,8,8,173
6/9/2024 10:57,29,77,211,294,520,0,52,1,9,9,156
6/9/2024 11:02,29,76,215,312,308,0,52,1,8,8,147
6/9/2024 11:07,30,77,213,249,268,1,53,1,9,9,155
6/9/2024 11:12,30,76,213,262,474,0,55,1,8,8,179
6/9/2024 11:17,30,74,210,235,639,0,53,1,7,7,141
6/9/2024 11:22,30,75,210,259,276,0,53,1,7,7,141
6/9/2024 11:27,30,75,216,260,291,0,53,1,8,8,143
6/9/2024 11:32,30,74,213,241,584,0,53,1,7,7,142
6/9/2024 11:37,30,73,213,249,270,0,53,1,7,7,136
6/9/2024 11:42,30,73,212,243,645,0,53,1,8,8,129
6/9/2024 11:47,30,72,215,253,268,0,52,1,7,7,121
6/9/2024 11:52,30,72,216,278,545,0,52,1,7,7,127
6/9/2024 11:57,30,72,214,248,556,0,52,1,7,7,136
6/9/2024 12:02,31,73,214,248,576,1,52,1,7,7,129
6/9/2024 12:07,31,72,215,264,587,1,52,1,6,6,126
6/9/2024 12:12,31,70,209,235,608,8,52,1,6,6,118
6/9/2024 12:17,31,69,215,256,651,0,52,1,7,7,122
6/9/2024 12:22,31,68,216,244,338,0,52,1,6,6,121
6/9/2024 12:27,31,70,214,265,278,0,54,1,6,6,140
6/9/2024 12:32,31,70,215,258,290,0,54,1,6,6,161
6/9/2024 12:37,31,69,216,244,617,11,54,1,6,6,150
6/9/2024 12:42,31,68,216,258,615,0,53,1,5,5,127
6/9/2024 12:47,32,67,215,249,315,0,52,1,6,6,116
6/9/2024 12:52,32,67,215,265,329,0,53,1,5,5,123
6/9/2024 12:57,32,68,218,254,295,1,53,1,6,6,131
6/9/2024 13:02,32,68,216,257,329,0,52,1,5,5,135
6/9/2024 13:07,32,67,213,245,582,0,52,1,5,5,135
6/9/2024 13:12,32,65,215,265,547,0,52,1,5,5,114
6/9/2024 13:17,32,66,216,256,565,0,52,1,5,5,120
6/9/2024 13:22,32,66,214,251,609,0,52,1,5,5,120
6/9/2024 13:27,32,64,218,260,309,1,52,1,5,5,128
6/9/2024 13:32,32,67,218,253,669,0,53,1,5,5,152
6/9/2024 13:37,32,64,217,308,543,0,52,1,6,6,139
6/9/2024 13:42,32,65,216,245,318,0,52,1,5,5,147
6/9/2024 13:47,32,65,214,250,386,0,52,1,6,6,197
6/9/2024 13:52,32,66,214,246,363,0,52,1,5,5,309
6/9/2024 13:57,32,66,216,255,393,0,52,1,6,6,354
6/9/2024 14:02,32,65,213,249,353,0,52,1,7,7,297
6/9/2024 14:07,32,66,217,256,400,1,53,1,6,6,380
6/9/2024 14:12,32,66,214,294,326,0,53,1,6,6,295
6/9/2024 14:17,32,67,213,250,307,0,53,1,6,6,215
6/9/2024 14:22,32,66,212,250,341,1,53,1,6,6,197
6/9/2024 14:27,32,66,215,255,272,0,54,1,8,8,209
6/9/2024 14:32,32,67,212,251,551,1,54,1,25,25,303
6/9/2024 14:37,32,65,212,253,399,0,54,1,15,15,227
6/9/2024 14:42,32,65,212,267,491,1,54,1,19,19,226
6/9/2024 14:47,32,66,213,244,485,0,55,1,12,12,404
6/9/2024 14:52,32,65,214,249,488,0,54,1,22,22,348
6/9/2024 14:57,32,65,213,250,471,0,54,1,17,17,342
6/9/2024 15:02,33,64,213,254,457,0,53,1,9,9,261
6/9/2024 15:07,33,64,214,251,467,0,53,1,10,10,247
6/9/2024 15:12,33,63,213,275,462,0,54,1,7,7,390
6/9/2024 15:17,33,63,215,299,460,4,53,1,7,7,298
6/9/2024 15:22,33,62,218,255,465,0,53,1,7,7,224
6/9/2024 15:27,33,64,218,253,496,0,53,1,8,8,247
6/9/2024 15:32,33,61,216,256,502,0,53,1,6,6,187
6/9/2024 15:37,33,63,217,259,494,1,54,1,6,6,186
6/9/2024 15:42,33,64,214,242,525,0,55,1,6,6,184
6/9/2024 15:47,33,62,212,243,502,0,55,1,5,5,155
6/9/2024 15:52,33,62,216,254,490,0,54,1,6,6,134
6/9/2024 15:57,33,64,215,254,433,1,56,1,6,6,148
6/9/2024 16:02,33,62,217,261,352,0,55,1,6,6,133
6/9/2024 16:07,33,61,220,256,210,0,54,1,6,6,119
6/9/2024 16:12,33,60,214,264,149,1,53,1,6,6,120
6/9/2024 16:17,33,62,216,268,333,1,55,1,5,5,124
6/9/2024 16:22,33,63,216,274,317,1,54,1,6,6,127
6/9/2024 16:27,33,63,213,238,290,0,55,1,5,5,136
6/9/2024 16:32,33,66,213,243,117,0,55,1,5,5,120
6/9/2024 16:37,33,68,211,266,148,0,57,1,5,5,129
6/9/2024 16:42,33,65,213,249,238,0,57,1,5,5,132
6/9/2024 16:47,33,68,218,254,218,0,57,1,5,5,128
6/9/2024 16:52,32,68,213,253,205,1,57,1,5,5,131
6/9/2024 16:57,32,68,214,244,193,1,59,1,5,5,135
6/9/2024 17:02,32,66,215,245,179,0,57,1,6,6,129
6/9/2024 17:07,32,67,211,238,168,0,57,1,5,5,122
6/9/2024 17:12,32,71,220,275,155,0,59,1,5,5,120
6/9/2024 17:17,32,71,215,247,145,0,60,1,5,5,116
6/9/2024 17:22,32,70,217,306,136,0,60,1,5,5,117
6/9/2024 17:27,32,70,220,277,128,1,59,1,5,5,110
6/9/2024 17:32,32,73,215,249,120,1,60,1,5,5,112
6/9/2024 17:37,32,73,214,241,122,0,60,1,5,5,109
6/9/2024 17:42,32,72,213,247,114,0,60,1,6,6,103
6/9/2024 17:47,32,73,213,236,105,0,60,1,5,5,98
6/9/2024 17:52,32,73,215,245,96,0,59,1,5,5,92
6/9/2024 17:57,32,74,214,262,88,0,59,1,5,5,92
6/9/2024 18:02,32,74,212,250,80,1,59,1,5,5,90
6/9/2024 18:07,31,74,213,248,72,0,58,1,5,5,89
6/9/2024 18:12,31,74,213,243,64,0,58,1,6,6,85
6/9/2024 18:17,31,74,216,310,49,0,57,1,5,5,85
6/9/2024 18:22,31,74,215,245,30,1,56,1,5,5,86
6/9/2024 18:27,31,72,215,249,24,0,55,1,7,7,90
6/9/2024 18:32,31,69,218,271,28,0,52,1,7,7,80
6/9/2024 18:36,31,70,219,305,30,0,52,1,7,7,80
6/9/2024 18:41,31,68,220,269,29,0,50,1,6,6,72
6/9/2024 18:46,31,67,214,250,26,1,50,1,6,6,72
6/9/2024 18:51,31,68,216,251,21,0,50,1,5,5,71
6/9/2024 18:56,30,68,212,235,6,0,49,1,5,5,70
6/9/2024 19:01,30,68,212,237,6,0,49,1,4,4,66
6/9/2024 19:06,30,67,213,241,6,0,49,1,4,4,66
6/9/2024 19:11,30,68,213,242,5,0,49,1,4,4,68
6/9/2024 19:16,30,68,218,306,6,0,49,1,3,3,66
6/9/2024 19:21,30,69,217,268,5,0,49,1,4,4,72
6/9/2024 19:26,30,69,222,265,6,0,49,1,2,2,72
6/9/2024 19:31,30,69,217,261,6,0,48,1,3,3,65
6/9/2024 19:36,30,70,215,247,6,0,48,1,3,3,66
6/9/2024 19:41,29,70,217,256,7,0,48,1,4,4,77
6/9/2024 19:46,29,71,216,256,6,0,48,1,4,4,85
6/9/2024 19:51,29,72,215,292,6,0,48,1,4,4,84
6/9/2024 19:56,29,72,215,262,6,0,48,1,4,4,80
6/9/2024 20:01,29,72,212,256,6,0,48,1,8,8,83
6/9/2024 20:06,29,73,213,250,5,0,47,1,8,8,85
6/9/2024 20:11,29,73,212,244,6,0,47,1,10,10,92
6/9/2024 20:16,29,74,213,242,5,0,48,1,15,15,104
6/9/2024 20:21,29,73,213,242,5,0,47,1,18,18,128
6/9/2024 20:26,29,73,215,261,6,0,47,1,13,13,119
6/9/2024 20:31,29,73,214,245,6,0,47,1,19,19,128
6/9/2024 20:36,29,73,209,232,5,1,47,1,17,17,147
6/9/2024 20:41,29,73,212,262,5,0,47,1,10,10,94
6/9/2024 20:46,29,74,213,248,6,0,46,1,7,7,67
6/9/2024 20:51,29,74,211,247,6,0,46,1,11,11,72
6/9/2024 20:56,29,74,213,248,6,0,45,1,7,7,65
6/9/2024 21:01,29,74,214,250,5,0,45,1,6,6,58
6/9/2024 21:06,29,75,213,260,6,0,45,1,12,12,64
6/9/2024 21:11,29,75,214,258,6,0,45,1,7,7,60
6/9/2024 21:16,28,74,212,243,3,0,45,1,22,22,65
6/9/2024 21:21,28,75,218,261,6,0,45,1,9,9,66
6/9/2024 21:26,28,75,216,262,6,0,45,1,7,7,60
6/9/2024 21:31,28,75,214,246,6,0,45,1,5,5,51
6/9/2024 21:36,28,75,215,261,7,0,45,1,6,6,51
6/9/2024 21:41,28,76,212,257,6,0,45,1,6,6,48
6/9/2024 21:46,28,76,211,241,5,0,44,1,10,10,50
6/9/2024 21:51,28,76,214,258,6,0,44,1,9,9,52
6/9/2024 21:56,28,76,218,261,6,0,45,1,9,9,57
6/9/2024 22:01,28,76,214,250,6,0,45,1,11,11,69
6/9/2024 22:06,28,76,220,284,6,0,45,1,9,9,78
6/9/2024 22:11,28,77,213,251,6,0,45,1,8,8,72
6/9/2024 22:16,28,76,218,253,5,0,45,1,8,8,65
6/9/2024 22:21,28,76,213,246,6,0,45,1,7,7,66
6/9/2024 22:26,28,76,211,239,5,0,45,1,8,8,66
6/9/2024 22:31,28,76,213,243,6,0,45,1,9,9,69
6/9/2024 22:36,28,76,212,253,6,0,45,1,8,8,69
6/9/2024 22:41,28,76,213,241,6,0,45,1,9,9,68
6/9/2024 22:46,28,76,210,244,6,0,46,1,10,10,74
6/9/2024 22:51,28,76,211,248,5,0,46,1,10,10,75
6/9/2024 22:56,28,76,212,255,6,0,46,1,9,9,75
6/9/2024 23:01,28,76,218,259,6,0,45,1,9,9,74
6/9/2024 23:06,28,76,218,259,6,0,46,1,9,9,74
6/9/2024 23:11,28,76,212,247,6,0,46,1,8,8,74
6/9/2024 23:16,28,76,212,255,5,0,46,1,8,8,74
6/9/2024 23:21,28,76,211,233,6,0,47,1,7,7,73
6/9/2024 23:26,28,76,215,278,6,0,47,1,8,8,72
6/9/2024 23:31,28,76,214,243,6,0,47,1,8,8,72
6/9/2024 23:36,28,76,210,251,5,0,46,1,9,9,69
6/9/2024 23:41,28,76,214,247,5,0,46,1,8,8,68
6/9/2024 23:46,28,76,217,265,5,0,45,1,8,8,62
6/9/2024 23:51,28,76,213,249,8,0,45,1,7,7,60
6/9/2024 23:56,28,76,211,235,6,0,45,1,7,7,60
6/10/2024 0:01,28,76,217,276,5,0,45,1,7,7,58
6/10/2024 0:06,28,77,213,255,5,0,45,1,7,7,59
6/10/2024 0:11,28,77,210,244,6,0,45,1,8,8,58
6/10/2024 0:16,28,77,211,241,6,0,45,1,7,7,58
6/10/2024 0:21,28,77,212,237,5,0,45,1,6,6,58
6/10/2024 0:26,28,76,214,250,5,0,45,1,7,7,58
6/10/2024 0:31,28,77,214,244,5,0,45,1,7,7,57
6/10/2024 0:36,28,76,216,256,6,0,45,1,7,7,56
6/10/2024 0:41,28,77,216,269,6,0,45,1,7,7,55
6/10/2024 0:46,28,76,219,252,6,1,44,1,6,6,54
6/10/2024 0:51,28,76,215,263,5,0,44,1,6,6,52
6/10/2024 0:56,28,76,211,254,6,0,44,1,7,7,52
6/10/2024 1:01,28,76,211,251,6,0,44,1,6,6,52
6/10/2024 1:06,28,76,214,258,5,0,44,1,7,7,50
6/10/2024 1:11,28,76,213,255,6,0,44,1,7,7,49
6/10/2024 1:16,28,76,208,239,5,0,43,1,6,6,48
6/10/2024 1:21,28,76,211,249,6,0,43,1,6,6,47
6/10/2024 1:26,28,76,212,248,5,0,43,1,6,6,47
6/10/2024 1:31,28,76,211,238,6,0,43,1,6,6,45
6/10/2024 1:36,28,76,210,244,6,0,43,1,5,5,43
6/10/2024 1:41,28,76,210,232,6,0,42,1,6,6,43
6/10/2024 1:46,28,76,212,241,6,0,42,1,5,5,41
6/10/2024 1:51,28,76,211,244,6,0,42,1,5,5,38
6/10/2024 1:56,28,76,211,245,5,0,43,1,5,5,38
6/10/2024 2:01,28,77,212,248,6,0,42,1,4,4,38
6/10/2024 2:06,28,77,211,250,6,0,43,1,5,5,37
6/10/2024 2:11,28,77,211,265,6,0,43,1,5,5,36
6/10/2024 2:16,28,77,213,271,6,0,43,1,5,5,35
6/10/2024 2:21,28,77,212,249,6,0,43,1,5,5,35
6/10/2024 2:26,28,77,216,256,6,0,42,1,6,6,36
6/10/2024 2:31,28,77,213,275,6,0,43,1,5,5,38
6/10/2024 2:36,28,77,210,246,5,0,43,1,6,6,39
